entity_id,country_name_ja,region,subregion,category,title,body,source_name,source_url
AD,アンドラ,Europe,Southern Europe,国の仕組み,国家元首が二人いる,アンドラは共同公国で、フランス大統領とスペインのウルヘル司教が共同元首を務めます。外国の大使は、正式な着任時に両方の共同元首へ信任状を提出します。,アンドラ政府,https://www.govern.ad/documents/1898932/2635468/210423-01.1_Annex%2B1_angles_Fullet_base.pdf/8f264766-6213-2139-c77a-ca6820435de0?t=1731397104503
AE,アラブ首長国連邦,Asia,Western Asia,国の仕組み,七つの首長国が一つの国をつくる,アブダビ、ドバイ、シャルジャなど七つの首長国からなる連邦国家です。各首長国に統治者と地域政府がありながら、連邦として一つの国を構成しています。,UAE政府,https://u.ae/en/about-the-uae/the-uae-government/political-system-and-government
AF,アフガニスタン,Asia,Southern Asia,暦・時間,政府文書に「1400年代」の年号が現れる,アフガニスタンでは太陽ヒジュラ暦が使われ、政府発表にも1403年、1404年といった年号が現れます。行政文書や締切日は、どの暦で書かれているかの確認が必要です。,アフガニスタン政府,https://www.mohia.gov.af/en/media-invitation
AG,アンティグア・バーブーダ,Americas,Caribbean,国土・行政,国名に出ない三つ目の島がある,憲法上の領土はアンティグア島とバーブーダ島だけではなく、レドンダ島も含みます。国名には二島しか現れませんが、正式な国土は三つの主要な島から成ります。,アンティグア・バーブーダ政府,https://ab.gov.ag/detail_template.php?page=aboutAB%2Four_constitution
AL,アルバニア,Europe,Southern Europe,言語・文字,アルバニア語だけで一つの語派をつくる,アルバニア語はインド・ヨーロッパ語族に属しますが、スラブ語派やロマンス語派などには入りません。アルバニア語だけで独立した一つの語派を形成します。,アルバニア外務省,https://ambasadat.gov.al/nato/en/gjuha-zyrtare-ne-republiken-e-shqiperise-eshte-shqipja/
AM,アルメニア,Asia,Western Asia,言語・文字,405年ごろに作られた独自の文字を使う,アルメニア文字はメスロプ・マシュトツによって西暦405年ごろに作られたと伝えられています。現在も独自のアルファベットとして日常で使われています。,アルメニア観光委員会,https://armenia.travel/about-armenia/history/
AO,アンゴラ,Africa,Middle Africa,国土・行政,本土とつながっていない州がある,北部のカビンダ州はアンゴラ本土と直接つながっていません。両者の間にコンゴ民主共和国の領土があり、カビンダはアンゴラの飛び地になっています。,アンゴラ政府資料,https://c2a.portais.gov.ao/uploads/MP_02_fdba1c341d.pdf
AR,アルゼンチン,Americas,South America,国土・行政,ブエノスアイレス市と同名の州は別の地域,首都ブエノスアイレス市は独立した自治市で、同じ名前のブエノスアイレス州には属しません。市と州にはそれぞれ別の政府があります。,アルゼンチン政府,https://www.argentina.gob.ar/caba
AT,オーストリア,Europe,Western Europe,選挙・制度,16歳から国政選挙で投票できる,オーストリアでは、選挙日に16歳以上であれば国会選挙や大統領選挙などで投票できます。地方選挙や欧州議会選挙も原則16歳からです。,オーストリア議会,https://www.parlament.gv.at/en/services/inquiry-service/faq/elections
AU,オーストラリア,Oceania,Australia and New Zealand,選挙・制度,国政選挙では投票が義務,選挙権を持つ国民は、連邦議会選挙や国民投票で投票することが法律上の義務です。正当な理由なく投票しなかった場合には手続きの対象になります。,オーストラリア選挙管理委員会,https://www.aec.gov.au/faqs/
AZ,アゼルバイジャン,Asia,Western Asia,言語・文字,独立後にラテン文字へ移行した,アゼルバイジャン語は旧ソ連時代にキリル文字で書かれましたが、独立後はラテン文字を基礎とする表記へ移行しました。古い資料と現在の表示で文字が異なることがあります。,アゼルバイジャン政府・UNESCO代表部,https://unesco.mfa.gov.az/en/news/international-mother-language-day-was-celebrated-at-the-unesco-headquarters
BA,ボスニア・ヘルツェゴビナ,Europe,Southern Europe,国の仕組み,大統領に相当する人が三人いる,国家元首機関は、ボシュニャク系、クロアチア系、セルビア系の三人で構成される大統領評議会です。議長役は三人の間で交代します。,ボスニア・ヘルツェゴビナ憲法裁判所,https://www.ustavnisud.ba/uploads/documents/constitution-of-bih_1625734692.pdf
BB,バルバドス,Americas,Caribbean,政治・歴史,議会の歴史が1639年に始まる,バルバドス議会の最初の会合は1639年に開かれたとされています。当初は現在の議事堂ではなく、酒場の上階が会議場所だったと伝えられています。,バルバドス議会,https://www.barbadosparliament.com/main_page_content/show_content/2
BD,バングラデシュ,Asia,Southern Asia,季節・暮らし,伝統的には一年を六つの季節に分ける,バングラデシュの伝統的な季節区分には、夏、雨季、秋、晩秋、冬、春の六季があります。日本の四季とは異なる季節感が暮らしや文学に根付いています。,バングラデシュ総領事館,https://bcgdubai.gov.bd/bangladesh-at-a-glance/
BE,ベルギー,Europe,Western Europe,国の仕組み,連邦政府の大臣数にも言語の均衡がある,連邦政府では、首相を除き、オランダ語系とフランス語系の大臣を同数にする仕組みがあります。複数の言語共同体を国政に反映する制度です。,ベルギー政府,https://www.belgium.be/en/about_belgium/government/federale_staat
BF,ブルキナファソ,Africa,Western Africa,国名・言語,国名が二つの現地語からできている,「ブルキナ」と「ファソ」は異なる現地語に由来し、全体で「高潔な人々の国」に近い意味を持ちます。一つの国名に二つの言語が組み合わされています。,Burkina Faso Localization Guide,https://localizationafrica.com/wp-content/uploads/2022/03/Burkina-Faso-Localization-Guide-ENG.pdf
BG,ブルガリア,Europe,Eastern Europe,言語・文字,EUに三つ目の文字を加えた国,ブルガリアが2007年にEUへ加盟したことで、キリル文字はラテン文字、ギリシャ文字に続くEUの三つ目の公式文字になりました。,EU理事会,https://www.consilium.europa.eu/en/documents-publications/library/library-blog/posts/celebrating-the-cyrillic-alphabet/
BH,バーレーン,Asia,Western Asia,産業・歴史,湾岸地域で早くから石油開発が始まった,バーレーンでは1932年に石油が発見され、ペルシャ湾岸地域で早くから商業的な石油開発が始まりました。小国ながら湾岸産油国の歴史で重要な位置を占めます。,バーレーン情報省,https://www.mia.gov.bh/kingdom-of-bahrain/location-and-natural-resources/?lang=en
BI,ブルンジ,Africa,Eastern Africa,首都・行政,政治首都と経済首都が別にある,ギテガが政治首都、ブジュンブラが経済首都と定められています。政府機能の中心と、商業・経済活動の中心が異なる都市に分かれています。,ブルンジ大統領府,https://presidence.gov.bi/2019/02/13/loi-n104-du-04-fevrier-2019-portant-fixation-de-la-capitale-politique-et-de-la-capitale-economique-du-burundi/
BJ,ベナン,Africa,Western Africa,首都・行政,首都と政府所在地が別の都市,正式な首都はポルトノボですが、大統領府や多くの中央政府機関は最大都市コトヌーに置かれています。首都と実際の行政・経済の中心が分かれています。,アフリカ人権委員会,https://achpr.au.int/en/member-states/benin
BN,ブルネイ,Asia,South-eastern Asia,休日・仕事,政府機関は金曜と日曜が休み,ブルネイの政府機関は一般に金曜日と日曜日が休みで、土曜日は開庁日です。日本の土日休みとは曜日の組み合わせが異なります。,ブルネイ情報局,https://www.information.gov.bn/SitePages/Amenities.aspx
BO,ボリビア,Americas,South America,首都・行政,憲法上の首都と政府所在地が別の都市,憲法上の首都はスークレですが、大統領府や国会など中央政府機能の多くはラパスに置かれています。ラパスは政府所在地と呼ばれます。,ボリビア下院,https://diputados.gob.bo/wp-content/uploads/2025/11/constitucion_politica.pdf
BR,ブラジル,Americas,South America,選挙・制度,16歳から投票でき、18歳からは原則義務,16歳と17歳は希望すれば投票でき、18歳から70歳未満の読み書きができる国民には原則として投票義務があります。,ブラジル高等選挙裁判所,https://www.tse.jus.br/comunicacao/noticias/2026/Marco/eleitor-em-dia-quem-completa-18-anos-entre-o-1o-e-o-2o-turno-das-eleicoes-deve-votar-1
BS,バハマ,Americas,Caribbean,通貨・お金,自国通貨と米ドルが1対1で使われる,バハマ・ドルは米ドルと1対1の価値に固定されています。国内では米ドルもバハマ・ドルと並んで流通します。,バハマ中央銀行,https://www.centralbankbahamas.com/exchange-rate
BT,ブータン,Asia,Southern Asia,国の考え方,政府の経済計画にも「国民総幸福」が登場する,国民総幸福は観光用の言葉だけではなく、政府の長期経済計画でも政策理念として位置付けられています。経済成長だけでなく社会や環境も重視する考え方です。,ブータン首相府,https://pmo.gov.bt/bhutan-21st-century-economic-roadmap/
BW,ボツワナ,Africa,Southern Africa,選挙・制度,大統領だけを直接選ぶ投票はない,総選挙では国会議員候補が支持する大統領候補を示し、当選議員の過半数に支持された候補が大統領になります。大統領候補だけを別の投票用紙で直接選ぶ方式ではありません。,ボツワナ憲法,https://www.constituteproject.org/constitution/Botswana_2005
BY,ベラルーシ,Europe,Eastern Europe,通貨・お金,通貨からゼロを四つ外した,2016年の通貨単位変更で、旧1万ベラルーシ・ルーブルが新1ルーブルになりました。同時に通常流通用の硬貨も導入されました。,ベラルーシ国立銀行,https://www.nbrb.by/engl/publications/reportifrss/report-ifrss-2017e.pdf
BZ,ベリーズ,Americas,Central America,言語・文字,中米で公用語が英語の国,スペイン語圏が多い中米にありながら、公用語は英語です。日常ではクレオール語、スペイン語、ガリフナ語、マヤ諸語なども使われます。,ベリーズ外務省,https://losangelesconsulate.mfa.gov.bz/about-belize/
CA,カナダ,Americas,Northern America,暦・時間,30分ずれた標準時がある,ニューファンドランド標準時はUTC−3時間30分です。国内移動で時計が1時間ではなく30分だけ変わる地域があります。,カナダ国立研究評議会,https://nrc.canada.ca/en/certifications-evaluations-standards/canadas-official-time/time-zones-daylight-saving-time
CD,コンゴ民主共和国,Africa,Middle Africa,言語・文字,フランス語のほかに四つの国語がある,公用語はフランス語ですが、キコンゴ語、リンガラ語、スワヒリ語、チルバ語の四つが国語として定められています。地域によって日常言語が大きく異なります。,コンゴ民主共和国憲法資料,https://www.constituteproject.org/constitution/Democratic_Republic_of_the_Congo_2011
CF,中央アフリカ共和国,Africa,Middle Africa,言語・文字,サンゴ語が国の公用語,フランス語だけでなく、アフリカの地域言語であるサンゴ語も公用語です。異なる母語を持つ人々の間で共通語として広く使われています。,中央アフリカ共和国憲法,https://www.constituteproject.org/constitution/Central_African_Republic_2010
CG,コンゴ共和国,Africa,Middle Africa,首都・地理,川の向こう側に別の国の首都がある,首都ブラザビルとコンゴ民主共和国の首都キンシャサは、コンゴ川を挟んで向かい合っています。首都から川の対岸を見ると、そこは別の国の首都です。,コンゴ共和国大使館,https://www.congoembassy.se/visit-congo
CH,スイス,Europe,Western Europe,首都・行政,法律上の正式な首都がない,ベルンは連邦政府と議会が置かれる「連邦都市」で、事実上の首都として機能します。ただし法律上、正式な首都と定められた都市ではありません。,スイス連邦外務省,https://www.aboutswitzerland.eda.admin.ch/en/political-system
CI,コートジボワール,Africa,Western Africa,首都・行政,正式な首都と政府・経済の中心が異なる,正式な首都はヤムスクロですが、政府機関や外国大使館の多くはアビジャンに置かれています。アビジャンは国最大の都市で経済の中心です。,コートジボワール財務省,https://tresor.gouv.ci/tres/wp-content/uploads/2022/01/RCI-Investor-Presentation-_-Site-web.pdf
CL,チリ,Americas,South America,暦・時間,ラパ・ヌイでは本土より時計が2時間遅い,イースター島として知られるラパ・ヌイは、チリ本土の大部分とは異なる時間帯を使います。同じ国の中で時計が2時間違います。,チリ海軍,https://www.armada.cl/noticias-navales/contribucion-al-desarrollo-nacional-y-a-la-accion-del-estado/cambio-de-hora-en-chile-continental-e-insular-occidental
CM,カメルーン,Africa,Middle Africa,言語・文字,法律や政府文書に英語とフランス語が並ぶ,英語とフランス語が同等の公用語とされています。法律文書や官報にも両言語が使われ、英語圏とフランス語圏の双方へ制度を伝えます。,カメルーン大統領府,https://www.prc.cm/files/5c/54/51/2557cb3d83672494dd9fc0c0b87b9e14.pdf
CN,中国,Asia,Eastern Asia,暦・時間,広い国土でも標準時は一つ,中国は東西に広い国ですが、全国で北京時間（UTC＋8）を標準時として使用します。そのため西部では、時計上の日の出や日没がかなり遅くなる地域があります。,北京市政府,https://english.beijing.gov.cn/beijinginfo/facts/202006/t20200601_1912281.html
CO,コロンビア,Americas,South America,首都・行政,ボゴタは県都だが、その県には属していない,ボゴタはクンディナマルカ県の県都でもありますが、ボゴタ自体は同県の一部ではありません。独立した首都特別区として組織されています。,ボゴタ市政府,https://www.alcaldiabogota.gov.co/sisjur/normas/Norma1.jsp?i=1507
CR,コスタリカ,Americas,Central America,国の仕組み,憲法が常設軍を禁止している,コスタリカ憲法は、軍隊を常設の組織として置くことを禁止しています。治安や公共秩序の維持は警察組織が担当します。,コスタリカ法務情報システム,https://www.pgrweb.go.cr/scij/busqueda/normativa/normas/nrm_texto_completo.aspx?nValor1=1&nValor2=871
CU,キューバ,Americas,Caribbean,国土・行政,15州とは別に「特別自治体」がある,イスラ・デ・ラ・フベントゥは、どの州にも属さない特別自治体です。島そのものが州に近い特別な行政単位として扱われています。,キューバ国家統計情報局,https://www.onei.gob.cu/sites/default/files/publicaciones/2024-10/01-territorio.pdf
CV,カーボベルデ,Africa,Western Africa,通貨・お金,自国通貨をユーロに固定している,カーボベルデ・エスクードは、1ユーロ＝110.265エスクードの固定比率でユーロに結び付けられています。,カーボベルデ中央銀行,https://www.bcv.cv/pt/O%20Banco/Sala%20de%20Imprensa/Arquivo/Paginas/ConferenciaAcordoCambial.aspx
CY,キプロス,Asia,Western Asia,交通・制度,地中海の国だが車は左側通行,キプロスでは自動車は道路の左側を走り、右ハンドル車が一般的です。ヨーロッパ大陸の多くの国とは反対です。,キプロス観光局,https://www.visitcyprus.com/useful-info/health-safety/
CZ,チェコ,Europe,Eastern Europe,住所・行政,一つの建物に二つの番号が付くことがある,チェコの住所では、建物そのものを示す番号と、通りに沿った位置を示す番号が併記されることがあります。「12/34」のように二つの番号が並びます。,チェコ内務省,https://ipc.gov.cz/en/forms-and-documents/documents/proof-of-accommodation/
DE,ドイツ,Europe,Western Europe,教育・制度,州によって学校制度が異なる,教育政策は主に16の州が担当します。そのため学校の種類、休暇、進路の分かれ方などが州によって異なります。,ドイツ連邦政府,https://www.make-it-in-germany.com/en/living-in-germany/family-life/school-system
DJ,ジブチ,Africa,Eastern Africa,通貨・お金,ドルとの固定比率が1973年から変わっていない,ジブチ・フランは1米ドル＝177.721ジブチ・フランの固定比率で結び付いています。この比率は1973年から維持されています。,ジブチ中央銀行,https://banque-centrale.dj/historique-du-franc-djibouti/
DK,デンマーク,Europe,Northern Europe,仕事・制度,法律で決めた全国一律の最低賃金がない,デンマークには法定最低賃金がありません。多くの業種では、労働組合と使用者団体が結ぶ労働協約によって賃金や労働条件が決まります。,Work in Denmark,https://www.workindenmark.dk/labour-rights
DM,ドミニカ国,Americas,Caribbean,国土・行政,先住民地域に独自の評議会選挙がある,カリナゴ・テリトリーには法律に基づくカリナゴ評議会があり、地域住民が代表を選ぶ選挙も国政選挙とは別に行われます。,ドミニカ国政府印刷局,https://printery.dominica.gov.dm/Uploads/Preview72ad35e9-41ef-4c6e-9081-07fd39325c41.pdf
DO,ドミニカ共和国,Americas,Caribbean,国旗・制度,国旗の中央に開いた聖書がある,国旗中央の国章には開いた聖書が描かれ、開かれている箇所もヨハネによる福音書8章32節と定められています。,ドミニカ共和国大統領府,https://www.presidencia.gob.do/acerca-de-rd/simbolos-patrios
DZ,アルジェリア,Africa,Northern Africa,暦・休日,アマジグの新年は1月12日の祝日,アマジグ新年「イェンナイエル」が1月12日の国民休日です。西暦の元日やイスラム暦の新年とは別の新年が祝日になっています。,アルジェリア外務省,https://embwashington.mfa.gov.dz/en/contact-us/holiday-closures-office-hours
EC,エクアドル,Americas,South America,通貨・お金,紙幣は米ドル、硬貨には自国の人物が描かれる,米ドルが法定通貨ですが、米国硬貨と同じ価値・大きさを持つエクアドル独自のセンタボ硬貨も発行されています。,エクアドル中央銀行,https://www.bce.fin.ec/economiatricolor/publicaciones/editoriales/programa-de-acunacion-de-moneda-fraccionaria-nacional-2023-2025/
EE,エストニア,Europe,Northern Europe,選挙・デジタル,国政選挙をインターネットで投票できる,エストニアでは法的に有効なインターネット投票が行われています。本人確認をして、自宅などから投票できます。,エストニア選挙管理機関,https://www.valimised.ee/en/internet-voting/more-about-i-voting/introduction-i-voting
EG,エジプト,Africa,Northern Africa,暦・時間,コプト暦にも短い第13月がある,コプト暦は30日間の月が12か月あり、その後に5日間、うるう年には6日間の短い第13月が続きます。教会暦や農業の季節感に残っています。,コプト正教会,https://copticorthodox.church/en/2025/03/21/editorial-article-by-h-h-pope-tawadros-ii-in-kiraza-magazine-the-coptic-calendar-1/
ER,エリトリア,Africa,Eastern Africa,言語・文字,国全体で一つの公用語を定めていない,政府や商取引ではティグリニャ語、アラビア語、英語が多く使われますが、国全体で唯一の公用語は定められていません。,エリトリア政府情報省,https://shabait.com/2009/10/01/eritrea-at-a-glance/
ES,スペイン,Europe,Southern Europe,国土・行政,北アフリカにも二つの自治都市がある,セウタとメリリャは北アフリカにあるスペインの自治都市です。ヨーロッパ側の国土とは海を隔てていますが、スペイン領です。,スペイン政府,https://www.lamoncloa.gob.es/lang/en/espana/elestado/Documents/Spain_Today_2014.pdf
ET,エチオピア,Africa,Eastern Africa,暦・時間,1年が13か月ある,エチオピア暦は30日間の月が12か月あり、その後に5日間、うるう年には6日間の短い第13月が続きます。西暦とは年数も異なります。,エチオピア大使館,https://ethiopianembassy.org/ethiopian-time/
FI,フィンランド,Europe,Northern Europe,暮らし・制度,他人の土地でも森を歩き、ベリーを採れる,自然享受権により、一定の範囲で他人の土地の森や野原を歩き、野生のベリーやキノコを採れます。ただし住宅の近くへ入り込んだり土地を傷つけたりしてはいけません。,フィンランド環境省,https://ym.fi/en/-/194055633/everyman-s-right-working-well
FJ,フィジー,Oceania,Melanesia,教育・言語,小学校で二つの民族言語を学ぶ,憲法は、現代イタウケイ語とフィジー・ヒンディー語をすべての小学校で教えるよう定めています。児童の民族にかかわらず二言語を教育へ組み込みます。,フィジー議会,https://www.parliament.gov.fj/wp-content/uploads/2017/02/Decree-24-Constitution-of-the-Republic-of-Fiji-Promulgation-Decree.pdf
FM,ミクロネシア連邦,Oceania,Micronesia,国の仕組み,四つの州がそれぞれ憲法を持つ,ヤップ、チューク、ポンペイ、コスラエの四州があり、各州が民主的な州憲法を持ちます。国、州、地方の三段階で政府が構成されています。,ミクロネシア連邦法務情報,https://www.fsmlaw.org/fsm/constitution/constitution.htm
FR,フランス,Europe,Western Europe,暦・時間,海外領土まで含めると多数の時刻がある,フランス本土は一つの時間帯ですが、海外県・海外領土まで含めると世界各地の多数の標準時を持ちます。同じ国の領域が日付変更線の両側近くまで広がります。,フランス政府・Vie publique,https://www.vie-publique.fr/questions-reponses/271194-heure-dete-5-questions-sur-le-changement-dheure
GA,ガボン,Africa,Middle Africa,自然・制度,一度に13の国立公園を設けた,ガボンは2002年、国内各地に13の国立公園を設けました。国土のおよそ1割に相当する大規模な保護地域網を一度につくった点が特徴です。,ガボン生物多様性情報,https://ga.chm-cbd.net/en/protected-areas
GB,イギリス,Europe,Northern Europe,国の仕組み,憲法が一冊の文書になっていない,英国には「憲法」という一つの成文法典がありません。法律、慣例、裁判所の判断、条約などを合わせたものが憲法制度を形づくっています。,英国議会,https://www.parliament.uk/about/how/role/sovereignty/
GD,グレナダ,Americas,Caribbean,国土・行政,国名は一島だが、実際には三島国家,中心のグレナダ島だけでなく、カリアク島とプティット・マルティニーク島を含む三島国家として行政が行われています。,グレナダ政府資料,https://climateresilience.gov.gd/wp-content/uploads/2025/04/GIZ_Grenada_GCREWS_Gender-Assessment.pdf
GE,ジョージア,Asia,Western Asia,言語・文字,三種類のジョージア文字が受け継がれている,ムルグロヴァニ、ヌスフリ、ムヘドルリという三つの文字体系があります。用途や時代は異なりますが、三つの文字文化が現在まで受け継がれています。,UNESCO無形文化遺産,https://ich.unesco.org/en/RL/living-culture-of-three-writing-systems-of-the-georgian-alphabet-01205
GH,ガーナ,Africa,Western Africa,名前・暮らし,生まれた曜日が名前になる文化がある,アカン系社会では、生まれた曜日に基づく名前が広く使われます。例えば金曜日生まれの男性名「コフィ」などが知られています。,Prairie View A&M University Library,https://pvamu.libguides.com/c.php?g=1434869&p=10652498
GM,ガンビア,Africa,Western Africa,国土・地理,国土が一本の川に沿って細長く延びる,国土はガンビア川の両岸に沿って東西へ細長く延びます。大西洋岸を除くほぼ全方向をセネガルに囲まれています。,ガンビア政府,https://meccnar.gov.gm/sites/default/files/2021-04/SPCR%20Report%20Vol%20I%20Final.pdf
GN,ギニア,Africa,Western Africa,自然・地理,西アフリカの大河が生まれる高原がある,フータ・ジャロン高地は、セネガル川、ガンビア川、ニジェール川などの水源地です。周辺各国を支える複数の大河が一つの国から始まります。,世界銀行,https://documents.worldbank.org/pt/publication/documents-reports/documentdetail/399711520435836338
GQ,赤道ギニア,Africa,Middle Africa,言語・文字,公用語がスペイン語・フランス語・ポルトガル語,三つの公用語を持ち、中でもスペイン語が行政や教育で広く使われます。アフリカ大陸では珍しいスペイン語圏の国です。,アフリカ連合,https://au.int/sites/default/files/documents/45034-doc-INFORMATION_GUIDE_AU_MID_YEAR_MEETINGS._ENGLISH.pdf
GR,ギリシャ,Europe,Southern Europe,選挙・制度,投票は権利であると同時に義務,ギリシャ憲法には、選挙で投票する権利の行使は義務であると明記されています。投票の位置付けが日本とは異なります。,ギリシャ議会,https://www.hellenicparliament.gr/userfiles/f3c70a23-7696-49db-9148-f24dce6a27c8/001-156%20aggliko.pdf
GT,グアテマラ,Americas,Central America,言語・文字,22のマヤ系言語がある,スペイン語に加え、22のマヤ系言語、ガリフナ語、シンカ語が使われています。マヤ系言語だけでも一つではなく、多数の異なる言語に分かれます。,グアテマラ・マヤ言語アカデミー,https://almg.org.gt/idiomas_maya/
GW,ギニアビサウ,Africa,Western Africa,国名・首都,首都名を国名に加えて区別した,独立時、隣国ギニアと区別するため首都ビサウの名前を加え、「ギニアビサウ」としました。国名の後半がそのまま首都名です。,TRT Afrika,https://www.trtafrika.com/english/article/17286534
GY,ガイアナ,Americas,South America,言語・文字,南米で唯一、英語を公用語とする国,南アメリカ大陸にありますが、公用語は英語です。日常会話では英語を基礎にしたガイアナ・クレオール語も広く使われます。,ガイアナ高等弁務官事務所,https://londonhc.mission.gov.gy/about-guyana
HK,香港（中国）,Asia,Eastern Asia,住所・郵便,一般的な郵便番号制度がない,香港には一般的な郵便番号制度がありません。住所を正確に書くことで配達されるため、海外サイトで郵便番号が必須のときに困ることがあります。,香港立法会,https://www.legco.gov.hk/yr14-15/english/panels/edev/papers/edev20150727cb4-1348-3-e.pdf
HN,ホンジュラス,Americas,Central America,首都・行政,二つの都市が共同で首都を構成する,テグシガルパとコマヤグエラの二都市が、共同でホンジュラスの首都を構成します。二つを合わせた行政区域が中央地区です。,米州機構・ホンジュラス憲法,https://www.oas.org/ext/Portals/33/adam/Content/RsU8CsGIXU29uci6sllzCw/Text/ConstituciondelaRepublica%28actualizadanoviembre2021%29.pdf
HR,クロアチア,Europe,Southern Europe,言語・文字,二文字で書いてもアルファベットでは一文字,クロアチア語では dž、lj、nj がそれぞれ一つの文字として扱われます。アルファベット順でも独立した文字です。,クロアチア言語学研究所,https://struna.ihjj.hr/en/naziv/gajica/53304/
HT,ハイチ,Americas,Caribbean,言語・文字,憲法が「共通語」と「公用語」を分けて書く,憲法はクレオール語をすべてのハイチ人を結ぶ共通の言語と表現し、そのうえでクレオール語とフランス語を公用語と定めます。,ハイチ憲法,https://www.constituteproject.org/constitution/Haiti_2012
HU,ハンガリー,Europe,Eastern Europe,名前・言語,名前は日本と同じく「姓・名」の順,ハンガリー語では通常、家族名を先に、個人名を後に書きます。欧州の国ですが姓名の並び方は日本と同じです。,Study in Hungary,https://studyinhungary.hu/blog/hungarian-101-why-this-language-is-the-coolest-mystery-in-europe
ID,インドネシア,Asia,South-eastern Asia,暦・休日,バリ島では「静寂の日」に空港も止まる,バリ島の新年ニュピでは外出や活動を控えて静かに過ごします。国際空港も通常便を24時間停止する年があり、インドネシア全土ではなくバリ島特有の運用です。,ANTARA News,https://en.antaranews.com/news/408234/bali-airport-announces-24-hour-operational-suspension-during-nyepi
IE,アイルランド,Europe,Northern Europe,言語・文字,憲法上はアイルランド語が第一公用語,日常では英語が広く使われますが、憲法上はアイルランド語が第一公用語、英語が第二公用語です。政府機関名や道路標識では両言語が見られます。,アイルランド政府,https://www.gov.ie/en/department-of-culture-communications-and-sport/press-releases/official-languages-bill-amendment-2019-before-the-d%C3%A1il/
IL,イスラエル,Asia,Western Asia,休日・時間,休息日は金曜夕方から始まる,ユダヤ教の安息日シャバットは一般に金曜日の日没から土曜日の日没までです。この時間帯は商店や公共交通の営業・運行に影響します。,テルアビブ市観光案内,https://visit.tel-aviv.gov.il/info/shabbat
IN,インド,Asia,Southern Asia,言語・文字,憲法の言語一覧に22言語が載る,憲法の第8附表には、ヒンディー語、ベンガル語、タミル語、ウルドゥー語など22言語が掲げられています。地域や州で使われる言語が異なります。,インド内務省公用語局,https://rajbhasha.gov.in/en/languages-included-eighth-schedule-indian-constitution
IQ,イラク,Asia,Western Asia,言語・制度,国レベルの公用語が二つある,アラビア語とクルド語が国の公用語です。さらに住民構成によって、トルクメン語やシリア語などを地方の公用語にできる仕組みがあります。,イラク憲法,https://www.constituteproject.org/constitution/Iraq_2005
IR,イラン,Asia,Southern Asia,暦・時間,西暦2026年が太陽暦1405年になる,公的な予定表では太陽ヒジュラ暦が使われます。太陽ヒジュラ暦1405年は、西暦2026年3月21日から2027年3月20日に相当します。,イラン外務省,https://brunei.mfa.gov.ir/en/newsview/785377/official-holidays-of-embassy-of-islamic-republic-of-iran-bandar-seri-begawan-in-1405-solar-hijri-march-21-2026-march-20-2027
IS,アイスランド,Europe,Northern Europe,名前・暮らし,家族でも同じ姓になるとは限らない,父親または母親の名前をもとに父称・母称を作る方法が広く使われます。夫婦や親子でも末尾の名前が異なることがあります。,アイスランド政府,https://www.government.is/ministries/diplomatic-missions/washington-d-c-united-states-of-america/education-and-culture/
IT,イタリア,Europe,Southern Europe,国土・地理,国境線の内側に別の国が二つある,イタリア半島の中には、バチカン市国とサンマリノ共和国という二つの独立国があります。どちらもイタリア領に囲まれています。,欧州委員会,https://eur-lex.europa.eu/LexUriServ/LexUriServ.do?uri=COM%3A2012%3A0680%3AREV1%3AEN%3AHTML
JM,ジャマイカ,Americas,Caribbean,国土・行政,二つの行政区を一つの自治体が管理する,キングストンとセント・アンドリューは別々の行政区ですが、地方行政では一つの自治体がまとめて管理します。,ジャマイカ地方自治省,https://www.localgovjamaica.gov.jm/local_govt_entity/kingston-st-andrew-municipal-corporation-ksamc/
JO,ヨルダン,Asia,Western Asia,自然・地理,海面より400メートル以上低い場所がある,死海周辺は海抜約マイナス400メートルに位置し、地表で最も低い場所の一つです。「海」と呼ばれますが外洋へつながらない塩湖です。,ヨルダン観光局,https://international.visitjordan.com/wheretogo/the-dead-sea/
JP,日本,Asia,Eastern Asia,暦・制度,西暦と元号、二つの年の数え方が現役,西暦と「令和」などの元号が併用されています。行政書類や証明書では元号表記も多く、西暦との対応を確認する場面があります。,首相官邸,https://japan.kantei.go.jp/98_abe/statement/201904/_00001.html
KE,ケニア,Africa,Eastern Africa,通貨・暮らし,携帯電話が財布のように使われる,モバイルマネーが個人間送金だけでなく、公共料金、学校、店舗、レストランなどの支払いに広く使われます。携帯電話を中心にお金を動かす仕組みです。,ケニア中央銀行,https://www.centralbank.go.ke/uploads/press_releases/1178640578_Press%20Release%20-%20Full%20Interoperability%20of%20Mobile%20Money%20Operators%20Becomes%20Effective.pdf
KG,キルギス,Asia,Central Asia,休日・暮らし,3月5日は「白い帽子の日」,男性用の伝統的な白いフェルト帽アク・カルパクをたたえる日です。山を思わせる形を持ち、民族文化を象徴する衣服の一つです。,キルギス投資庁,https://invest.gov.kg/en/news/20480
KH,カンボジア,Asia,South-eastern Asia,通貨・お金,リエルと米ドルが同時に流通する,公式通貨はリエルですが、米ドルも広く流通します。支払いと釣り銭が異なる通貨になることもあります。,カンボジア国立銀行,https://www.nbc.gov.kh/download_files/booklet/Riel-Booklet-English.pdf
KI,キリバス,Oceania,Micronesia,国土・地理,国土が四つの半球すべてにまたがる,島々は赤道の北と南、東経側と西経側に広がります。北半球・南半球・東半球・西半球のすべてに国土を持ちます。,キリバス観光局,https://kiribatitourism.gov.ki/about-us
KM,コモロ,Africa,Eastern Africa,言語・文字,公用語が三つある,シコモリ語、フランス語、アラビア語の三つが公用語です。日常、行政・教育、宗教と結び付く言語が制度上並んでいます。,コモロ憲法,https://www.constituteproject.org/constitution/Comoros_2018
KN,セントクリストファー・ネーヴィス,Americas,Caribbean,国の仕組み,ネービス島に独自の政府と議会がある,連邦を構成するネービス島には独自の議会と島政府があり、プレミアと閣僚が島の行政を担当します。,セントクリストファー・ネーヴィス政府,https://www.gov.kn/nevis-island-administration/
KP,北朝鮮,Asia,Eastern Asia,言語・文字,同じ朝鮮文字でも呼び名が異なる,韓国で一般に「ハングル」と呼ばれる文字は、北朝鮮では「朝鮮文字（チョソングル）」と呼ばれます。文字体系は共通でも語彙や表記に違いがあります。,Encyclopaedia Britannica,https://www.britannica.com/topic/Korean-language
KR,韓国,Asia,Eastern Asia,年齢・制度,法的な年齢基準を「満年齢」に統一した,複数の年齢の数え方が使われてきましたが、法令や行政上の基準は誕生日ごとに1歳加える満年齢へ統一されました。,韓国法制処,https://www.moleg.go.kr/menu.es?mid=a10111060000
KW,クウェート,Asia,Western Asia,暮らし・社会,家の「ディワニヤ」が地域の話し合いの場になる,ディワニヤは来客を迎え、近況や地域の出来事、社会問題を語り合う集まりや空間です。人間関係と地域社会を支える役割を持ちます。,UNESCO無形文化遺産,https://ich.unesco.org/en/RL/the-diwaniya-a-unifying-cultural-practice-in-kuwait-02281
KZ,カザフスタン,Asia,Central Asia,暦・時間,広い国土の時刻を一つに統一した,2024年3月から国土全体でUTC＋5の単一時間帯を使用しています。地域をまたいでも時計を合わせ直す必要がありません。,カザフスタン政府,https://www.gov.kz/memleket/entities/mfa-jakarta/press/news/details/715495?lang=en
LA,ラオス,Asia,South-eastern Asia,暦・休日,宗教行事の日付は月の満ち欠けで決まる,重要な仏教行事には太陰暦と仏暦で日付が決まるものがあります。西暦上の日付は年によって動きます。,ラオス通信社,https://kpl.gov.la/En/detail.aspx?id=84424
LB,レバノン,Asia,Western Asia,国の仕組み,主要三役を宗派で分ける慣例がある,政治上の慣例として、大統領はマロン派キリスト教徒、首相はスンニ派、国会議長はシーア派から選ぶ構成が続いています。,Anadolu Agency,https://www.aa.com.tr/en/middle-east/lebanese-president-begins-parliamentary-consultations-to-nominate-new-prime-minister/3448615
LC,セントルシア,Americas,Caribbean,国名・歴史,女性の名を持つ主権国家,国名は女性の聖人シラクサの聖ルチアに由来します。政府は、女性の名を冠した世界唯一の主権国家として紹介しています。,セントルシア政府,https://www.govt.lc/news/saint-lucia-pays-tribute-to-inspiring-women-around-the-world
LI,リヒテンシュタイン,Europe,Western Europe,通貨・お金,公式通貨は隣国のスイスフラン,独立国ですが、公式通貨にはスイスフランを使用しています。スイスフランを採用したのは1924年です。,リヒテンシュタイン政府,https://www.regierung.li/files/attachments/20251125-broschuere-begegnung-mit-einem-kleinstaat-639080401433496309.pdf
LK,スリランカ,Asia,Southern Asia,暦・休日,満月の日が毎月の公休日になる,毎月の満月の日がポヤ・デーとして公休日・銀行休日になります。満月で決まるため西暦上の日付は毎年変わります。,スリランカ中央銀行,https://www.cbsl.gov.lk/en/about/about-the-bank/bank-holidays-2026
LR,リベリア,Africa,Western Africa,通貨・お金,米ドルと自国通貨が並んで使われる,リベリア・ドルと米ドルの両方が法定通貨として流通します。価格、給与、銀行取引でも二つの通貨が並ぶことがあります。,リベリア中央銀行,https://www.cbl.org.lr/media/features-articles/gol-directives-against-exchange-rate-manipulation-measures-encourage-use
LS,レソト,Africa,Southern Africa,国土・地理,国土全体が標高1000メートルを超える,国土のすべてが標高1000メートルより高い場所にある独立国です。低地と呼ばれる地域も周辺国と比べると高い位置にあります。,レソト観光局,https://www.visitlesotho.org.ls/about-lesotho
LT,リトアニア,Europe,Northern Europe,休日・歴史,独立を記念する祝日が二つある,2月16日は1918年の国家再建、3月11日は1990年の独立回復を記念する祝日です。異なる歴史段階の独立をそれぞれ祝います。,リトアニア外務省,https://www.urm.lt/en/about-us/organisation/working-hours/939
LU,ルクセンブルク,Europe,Western Europe,交通・公共,国内の公共交通が原則無料,国内のバス、トラム、列車の普通席は住民だけでなく旅行者も原則無料です。列車の一等席と国境を越える区間は対象外です。,ルクセンブルク公共交通案内,https://www.mobiliteit.lu/en/tickets-page/fares/
LV,ラトビア,Europe,Northern Europe,名前・行政,外国人の名前もラトビア語の形に整えて記載する,公文書では外国語由来の氏名も、ラトビア語の発音や文法に合わせた形で記載されることがあります。条件を満たせば元の表記も併記できます。,ラトビア外務省,https://www.mfa.gov.lv/lv/media/14439/download?attachment=
LY,リビア,Africa,Northern Africa,インフラ・地理,砂漠の地下水を「人工の大河」で都市へ送る,南部砂漠の地下水をくみ上げ、巨大なパイプで沿岸都市へ運ぶ水供給システムがあります。自然の川ではなく、地下水を運ぶ大規模ネットワークです。,Great Man-Made River Authority,https://www.gmra.com.ly/en/about-gmmr/history-and-evolution-of-gmmr
MA,モロッコ,Africa,Northern Africa,暦・休日,アマジグの新年が1月14日の国民休日,アマジグ新年が1月14日の国民休日です。西暦の元日、イスラム暦の新年とは別に、もう一つの新年が祝日表に入っています。,モロッコ政府,https://maroc.ma/en/morocco/religious-and-national-holidays
MC,モナコ,Europe,Western Europe,通貨・お金,EU加盟国ではないがユーロを使い、独自硬貨も発行する,EU加盟国ではありませんが、通貨協定によりユーロを公式通貨として使います。発行量は限られますが、独自図柄のユーロ硬貨も発行できます。,欧州中央銀行,https://www.ecb.europa.eu/ecb-and-you/explainers/show-me/html/euro_outside_europe.en.html
MD,モルドバ,Europe,Eastern Europe,国土・行政,国内にトルコ語系の自治地域がある,南部にガガウズ自治区があり、住民の多くがトルコ語系のガガウズ語を話します。モルドバ国内の自治地域として独自の制度を持ちます。,Invest Moldova,https://invest.gov.md/wp-content/uploads/2025/12/Gagauzia-IT-BPO-2025_.pdf
ME,モンテネグロ,Europe,Southern Europe,通貨・お金,EUとの通貨協定がないままユーロを使う,EU加盟国でもユーロ圏加盟国でもありませんが、国内通貨としてユーロを使用しています。正式な通貨協定による導入ではありません。,欧州委員会,https://economy-finance.ec.europa.eu/euro/use-euro/euro-outside-euro-area_en
MG,マダガスカル,Africa,Eastern Africa,通貨・お金,通貨を100ではなく5に分ける,通貨アリアリは制度上1アリアリ＝5イライムビランジャです。多くの通貨にある100分の1ではなく、5分の1の補助単位を持ちます。,XE Currency,https://www.xe.com/currency/mga-malagasy-ariary/
MH,マーシャル諸島,Oceania,Micronesia,住所・郵便,独立国だが米国式のZIPコードを使う,米国郵便公社の郵便制度に組み込まれ、マジュロには96960などの米国式ZIPコードと「MH」の略号が使われます。,米国郵便公社,https://pe.usps.com/text/imm/immctry.htm
MK,北マケドニア,Europe,Southern Europe,国名・言語,国名は変わったが、言語名は変わっていない,2019年に国名が北マケドニア共和国へ変わりましたが、公用語は現在も「マケドニア語」であり、「北マケドニア語」ではありません。,北マケドニア外務省,https://mfa.gov.mk/en-GB/informacii-od-javen-karakter/zakoni
ML,マリ,Africa,Western Africa,言語・制度,フランス語は公用語ではなく作業言語,現在の憲法では国民言語が公用語とされ、フランス語は行政などで使う作業言語に位置付けられています。,マリ政府官報,https://sgg-mali.ml/JO/2023/mali-jo-2023-20-3.pdf
MM,ミャンマー (ビルマ),Asia,South-eastern Asia,名前・暮らし,多くの人に代々受け継ぐ姓がない,多くの人が日本や欧米のような世襲の姓を持たず、名前全体が一つの個人名として扱われます。家族でも同じ姓を共有しないことがあります。,SBS Cultural Atlas,https://culturalatlas.sbs.com.au/myanmar-burmese-culture/burmese-myanmar-culture-naming
MN,モンゴル,Asia,Eastern Asia,言語・文字,横書きと縦書き、二つの文字を使う,キリル文字が広く使われる一方、縦書きの伝統モンゴル文字も受け継がれています。政府機関では両文字を併用する取り組みが進められています。,モンゴル文化省,https://mocsty.gov.mn/en/news/9EoGUsjSp4bjs29DN5JB0Y8yByOzsV7i
MO,マカオ（中国）,Asia,Eastern Asia,通貨・お金,パタカは香港ドルに連動している,マカオの法定通貨パタカは香港ドルに連動し、1香港ドルに対して約1.03パタカの比率が維持されています。,マカオ金融管理局,https://cdn.amcm.gov.mo/uploads/files/research_and_stats/research_and_publication/quarterly_report/issue_no_18/bank_en.pdf
MR,モーリタニア,Africa,Western Africa,通貨・お金,通貨を100ではなく5に分ける,通貨ウギアは1ウギア＝5コウムです。多くの通貨の100分の1とは異なり、5分の1を補助単位とします。,モーリタニア中央銀行情報,https://en.wikipedia.org/wiki/Mauritanian_ouguiya
MT,マルタ,Europe,Southern Europe,言語・文字,アラビア語に近い言葉をラテン文字で書く,マルタ語はセム語系ですが、表記にはラテン文字を使います。マルタ語と英語が公用語です。,マルタ語国家評議会,https://kunsilltalmalti.gov.mt/national-council-for-the-maltese-language/
MU,モーリシャス,Africa,Eastern Africa,選挙・制度,選挙後に最大8人を追加議員にする,ベスト・ルーザー制度により、共同体間の議席の偏りを補うため、当選しなかった候補者から最大8人を追加議員として選べます。,モーリシャス政府,https://govmu.org/EN/infoservices/govadministration/Pages/nationalassembly.aspx
MV,モルディブ,Asia,Southern Asia,国土・観光制度,「一つの島に一つのリゾート」が基本形,リゾート観光では、一つの島を一つのリゾートとして運営する形が代表的です。住民が暮らす島と分かれている施設も多くあります。,モルディブ観光局,https://visitmaldives.com/en/news/stunning-one-island-one-resort-concept-only-in-maldives
MW,マラウイ,Africa,Eastern Africa,自然・地理,湖の魚の大部分がそこだけの固有種,マラウイ湖には多数のシクリッド科魚類が生息し、その大部分が固有種です。一つの湖の中で多くの魚が独自に進化しています。,UNESCO世界遺産,https://whc.unesco.org/en/canopy/malawi/
MX,メキシコ,Americas,Central America,国名・制度,正式な国名は「メキシコ合衆国」,一般にはメキシコと呼ばれますが、憲法上の国名はスペイン語で Estados Unidos Mexicanos、つまりメキシコ合衆国です。,メキシコ下院,https://www.diputados.gob.mx/LeyesBiblio/ref/cpeum.htm
MY,マレーシア,Asia,South-eastern Asia,国の仕組み,国王は9人の君主から選ばれる,君主がいる9州の統治者の中から、統治者会議によって国王が選ばれます。任期は5年です。,マレーシア議会,https://www.parlimen.gov.my/maklumat-umum.html?lang=en&uweb=dr
MZ,モザンビーク,Africa,Eastern Africa,国旗・制度,国旗に本・鍬・銃が描かれている,国旗には開いた本の上に鍬と銃を交差させた図柄があります。憲法では本は学習、鍬は生産、銃は防衛を表すと説明されています。,モザンビーク憲法,https://www.constituteproject.org/constitution/Mozambique_2007
NA,ナミビア,Africa,Southern Africa,言語・制度,憲法上の公用語は英語一つだけ,国内では複数の地域言語が使われますが、憲法上の公用語は英語だけです。条件を満たせば学校教育などで他言語も使えます。,ナミビア憲法,https://www.constituteproject.org/constitution/Namibia_2010
NE,ニジェール,Africa,Western Africa,国土・地理,国名になった川は南西部だけを流れる,ニジェール川は国土全体を横断せず、国内では南西部を流れます。国土の大部分はサハラ砂漠です。,UNEP GRID,https://dicf.unepgrid.ch/niger
NG,ナイジェリア,Africa,Western Africa,首都・行政,首都アブジャはどの州にも属さない,ナイジェリアは36州からなりますが、首都アブジャは州ではなく連邦首都領に置かれています。37番目の州ではありません。,ナイジェリア憲法資料,https://nigeriarights.gov.ng/files/publications/1999%20CONSTITUTION%20OF%20THE%20FRN.pdf
NI,ニカラグア,Americas,Central America,国土・行政,カリブ海側に二つの自治地域がある,北カリブ海岸自治地域と南カリブ海岸自治地域があり、一般の県とは異なる自治制度が設けられています。,ニカラグア国会,https://legislacion.asamblea.gob.ni/normaweb.nsf/b92aaea87dac762406257265005d21f7/adc835620b6bb306062580180059df9d
NL,オランダ,Europe,Western Europe,首都・行政,首都と政府所在地が別の都市,憲法上の首都はアムステルダムですが、政府、国会、中央官庁の多くはデン・ハーグに置かれています。,オランダ政府,https://www.government.nl/site/binaries/site-content/collections/documents/2017/04/21/culture-at-a-first-glance/CIB2015_ENG_publicatie_v8_DEF.pdf
NO,ノルウェー,Europe,Northern Europe,言語・文字,同じノルウェー語に二つの正式な書き言葉がある,ブークモールとニーノシュクという二つの正式な書き言葉があります。行政文書や学校教育でも使われ、地域により主に使う方が異なります。,ノルウェー政府,https://www.regjeringen.no/globalassets/upload/kud/internasjonalt_kultursamarbeid/norway_report_eform_en_2012_and_norway_statannex_eform_en_2012.pdf
NP,ネパール,Asia,Southern Asia,国旗・制度,国旗が長方形ではない,ネパールの国旗は上下に重なった二つの三角形からできています。一般的な長方形ではない独特の形です。,ネパール政府資料,https://giwmscdnone.gov.np/media/app/public/36/posts/1695537893_42.pdf
NR,ナウル,Oceania,Micronesia,首都・行政,法律上の正式な首都がない,正式な首都は定められておらず、政府機関は主にヤレン地区に集まっています。地図ではヤレンが事実上の首都として示されます。,ナウル政府,https://naurugov.nr/media/209166/nauru_bulletin__13_3sep2025__296_.pdf
NZ,ニュージーランド,Oceania,Australia and New Zealand,暦・時間,国内に45分違う時刻がある,チャタム諸島の標準時はニュージーランド本土より45分進んでいます。本土が午前10時なら、チャタム諸島は午前10時45分です。,ニュージーランド政府,https://www.govt.nz/browse/recreation-and-the-environment/daylight-saving/governing-legislation/
OM,オマーン,Asia,Western Asia,季節・地域,南部には夏に霧と緑の季節が来る,ドファール地方では6月から9月ごろにハリーフの季節があり、霧や細かな雨で山や平原が緑に変わります。,オマーン観光省,https://experienceoman.om/destinations/dhofar
PA,パナマ,Americas,Central America,通貨・お金,紙幣は米ドル、硬貨はバルボアも使う,バルボアは米ドルと1対1に固定され、バルボアは硬貨だけが発行されます。米ドル紙幣とバルボア硬貨が一緒に使われます。,パナマ銀行監督庁,https://www.superbancos.gob.pa/en/about-sbp/historical-review
PE,ペルー,Americas,South America,首都・歴史,現在の首都とは別に「歴史上の首都」がある,憲法はリマを共和国の首都とする一方、クスコを「歴史上の首都」と明記しています。,ペルー国会,https://www3.congreso.gob.pe/Docs/files/constitucion/Constitucion/files/basic-html/page37.html
PG,パプアニューギニア,Oceania,Melanesia,言語・文字,国内に800を超える先住民言語がある,公用語とは別に、800を超える異なる先住民言語があります。地域や共同体によって言葉が大きく異なります。,パプアニューギニア外務省,https://www.dfa.gov.pg/people-ethnic-groups/
PH,フィリピン,Asia,South-eastern Asia,国土・行政,「バランガイ」が地域行政の基本単位,バランガイは国内で最も小さい政治・行政単位です。都市や自治体の中が多数のバランガイに分かれています。,フィリピン統計庁,https://psa.gov.ph/statistics/technical-notes/167693
PK,パキスタン,Asia,Southern Asia,言語・制度,国語はウルドゥー語、行政では英語も使われる,憲法はウルドゥー語を国語とし、英語はウルドゥー語へ置き換えられるまで公的目的に使用できると定めています。州が地域言語の教育や振興を進めることも認めています。,パキスタン国民議会・憲法,https://na.gov.pk/uploads/documents/1333523681_951.pdf
PL,ポーランド,Europe,Eastern Europe,番号・行政,個人番号を見ると生年月日などが分かる,個人識別番号PESELは11桁で、生年月日、個人識別部分、性別を示す数字、確認用数字から構成されます。,ポーランド政府,https://wsc.gdansk.uw.gov.pl/en/slownik-pojec/pesel
PT,ポルトガル,Europe,Southern Europe,暦・時間,国内でもアゾレス諸島だけ時計が1時間遅い,ポルトガル本土とマデイラ諸島は同じ時刻ですが、アゾレス諸島は1時間遅い時刻を使います。,ポルトガル観光局,https://www.visitportugal.com/en/sobre-portugal/info-util
PW,パラオ,Oceania,Micronesia,入国・環境,入国時に環境保護の誓約へ署名する,訪問者は自然と文化を傷つけないことを約束するパラオ・プレッジへの署名を求められます。環境保護を入国手続きへ組み込んでいます。,パラオ政府,https://www.palaugov.pw/project-to-make-palau-a-carbon-neutral-destination-launched-by-palau-bureau-of-tourism-sustainable-travel-international-and-slow-food/
PY,パラグアイ,Americas,South America,言語・文字,スペイン語とグアラニー語がともに公用語,先住民由来のグアラニー語も国全体の公用語です。二つの言語は行政、教育、放送などで使われます。,パラグアイ政府資料,https://informacionpublica.paraguay.gov.py/public/272220-120171221073619179pdf-120171221073619179.pdf
QA,カタール,Asia,Western Asia,暮らし・社会,マジュリスが応接間であり社会の場でもある,マジュリスは客を迎え、近況や地域の出来事を話し合う場です。家庭の応接空間であると同時に、情報交換と社会的なつながりを支えます。,Visit Qatar,https://visitqatar.com/intl-en/about-qatar/traditions/majlis
RO,ルーマニア,Europe,Eastern Europe,選挙・制度,少数民族に国会議席を確保する仕組みがある,通常の選挙基準では議席を得られない場合でも、条件を満たす少数民族団体が下院で一議席を得られる制度があります。,ルーマニア大統領府・憲法,https://www.presidency.ro/en/the-constitution-of-romania
RS,セルビア,Europe,Southern Europe,言語・文字,同じセルビア語を二つの文字で書ける,セルビア語はキリル文字とラテン文字の両方で表記されます。憲法上の正式な使用文字はキリル文字ですが、日常では両方が使われます。,セルビア憲法,https://www.paragraf.rs/propisi/constitution-of-the-republic-of-serbia.html
RU,ロシア,Europe,Eastern Europe,暦・時間,国内に11の時間帯がある,最西部のカリーニングラードから極東のカムチャツカまで、標準時は11種類あります。同じ国内で最大10時間の時差があります。,ロシア外務省,https://kenya.mid.ru/en/press-centre/news/article_by_ambassador_of_russia_to_kenya_h_e_mr_v_tkachenko_on_the_national_day_of_russia/
RW,ルワンダ,Africa,Eastern Africa,暮らし・制度,毎月最後の土曜日に地域の共同作業をする,ウムガンダと呼ばれる共同作業が全国各地で行われます。道路整備、清掃、植樹、公共施設の整備などを住民が協力して進めます。,ルワンダ地方自治省,https://www.minaloc.gov.rw/news-detail/president-kagame-praises-rwandans-for-holding-on-to-umuganda
SA,サウジアラビア,Asia,Western Asia,暦・時間,公的な案内に「1400年代」の年号が現れる,月の満ち欠けに基づくウンム・アルクラー暦が公的な日付にも使われます。政府案内ではヒジュラ暦と西暦を併記することがあります。,サウジ通信社,https://www.spa.gov.sa/en/N2374812
SB,ソロモン諸島,Oceania,Melanesia,言語・制度,国会では英語でもピジン語でも話せる,国会の討論は英語またはピジン語で行えます。一方、法案や動議、報告書などの正式文書は英語で作成します。,ソロモン諸島国会,https://parliament.gov.sb/about/standing_orders/
SC,セーシェル,Africa,Eastern Africa,言語・文字,国の言語が三つある,セーシェル・クレオール語、英語、フランス語の三つが国の言語です。日常、行政、教育、報道で役割を分けながら使われます。,セーシェル大統領府,https://statehouse.gov.sc/news/7111/president-herminie-assents-to-the-seychelles-broadcasting-corporation-act-2026
SD,スーダン,Africa,Northern Africa,自然・首都,首都で白ナイルと青ナイルが一つになる,首都ハルツームで白ナイルと青ナイルが合流し、一つのナイル川になります。二つの大河が出会う地点に首都があります。,NASA Earth Observatory,https://science.nasa.gov/earth/earth-observatory/two-niles-meet-81186/
SE,スウェーデン,Europe,Northern Europe,番号・行政,個人番号の先頭に生年月日が入る,住民登録されると個人番号が割り当てられ、その先頭部分に生年月日が入ります。行政、医療、銀行など多くの場面で使われます。,スウェーデン税務庁,https://www.skatteverket.se/servicelankar/otherlanguages/englishengelska/individualsandemployees/livinginsweden/personalidentitynumbers.4.2cf1b5cd163796a5c8b4295.html
SG,シンガポール,Asia,South-eastern Asia,交通・制度,車を持つには10年間の権利が必要,車を登録するにはCOEと呼ばれる車両保有権を入札で取得します。落札すると、その車を道路で使える権利が原則10年間与えられます。,シンガポール陸上交通庁,https://onemotoring.lta.gov.sg/content/onemotoring/home/buying/upfront-vehicle-costs/certificate-of-entitlement--coe-.html
SI,スロベニア,Europe,Southern Europe,言語・文字,「一人・二人・三人以上」で言葉の形が変わる,スロベニア語には単数と複数の間に双数が残っています。「私たち二人」など二人専用の文法形があります。,スロベニア政府,https://www.gov.si/en/topics/official-language/
SK,スロバキア,Europe,Eastern Europe,首都・地理,首都が二つの外国と直接接している,首都ブラチスラバの市域はオーストリアとハンガリーの両方に接しています。二つの国境を持つ首都です。,ブラチスラバ市資料,https://www.archivzverejnovanie.bratislava.sk/file/2085812
SL,シエラレオネ,Africa,Western Africa,通貨・お金,通貨からゼロを三つ外した,2022年に旧1000レオンを新1レオンへ切り替えました。価値を1000倍にしたのではなく、価格表示からゼロを三つ減らす通貨単位変更です。,シエラレオネ銀行,https://slobserver.org/wp-content/Library/220624%20BSL%20-%20Redenomination%20of%20the%20Leone.pdf
SM,サンマリノ,Europe,Southern Europe,国の仕組み,国家元首が二人いて、半年ごとに交代する,二人の執政が共同で国家を代表し、任期は6か月です。一人に権力が集中しないよう共同で行動します。,サンマリノ観光局,https://www.visitsanmarino.com/pub2/VisitSM/en/evento/20251001_1%C2%B0ottobre-cerimonia-di-investitura-dei-capitani-reggenti-.html
SN,セネガル,Africa,Western Africa,国土・地理,国土へ別の国が細長く入り込む,ガンビアがガンビア川に沿って東西へ細長く延び、三方向をセネガルに囲まれています。南部カザマンス地方は国内の他地域から地理的に隔てられます。,Refworld,https://www.refworld.org/reference/countryrep/marp/2003/en/46185
SO,ソマリア,Africa,Eastern Africa,言語・文字,現在の公式な文字表記は1972年に決まった,ソマリ語には複数の表記方法がありましたが、1972年にラテン文字を基礎とした表記が公式標準として採用されました。,ソマリア外務省,https://web.mfa.gov.so/country-profile/
SR,スリナム,Americas,South America,言語・文字,南米にありながら公用語はオランダ語,行政、法律、学校教育ではオランダ語が使われます。日常ではスラナン・トンゴなど多くの言語も話されています。,スリナム政府,https://gov.sr/wp-content/uploads/2025/07/IOM_GuideForImmigrants_A4_48p_v3_2025_03_P-web2.pdf
SS,南スーダン,Africa,Eastern Africa,言語・制度,すべての先住言語を国民言語と位置付ける,憲法は国内のすべての先住言語を国民言語として尊重し、発展させると定めます。一方、政府の公用作業言語は英語です。,南スーダン司法省,https://mojca.gov.ss/wp-content/uploads/2023/04/The-Transitional-Constitution-of-the-Repulic-of-South-Sudan.pdf
ST,サントメ・プリンシペ,Africa,Middle Africa,国土・地理,小さな島を赤道が横切る,ロラス島には赤道が通り、北半球と南半球の境界を示す記念碑があります。一つの小島の中で赤道を歩いて越えられます。,Pestana Equador,https://www.pestana.com/en/hotel/pestana-equador
SV,エルサルバドル,Americas,Central America,国土・行政,44市の中に262地区がある,行政再編により、国は44の市と、その内部に置かれる262の地区で構成されます。以前の市の多くは名称を残して地区になりました。,エルサルバドル国会,https://www.asamblea.gob.sv/node/12819
SY,シリア,Asia,Western Asia,言語・歴史,30文字ほどの古代アルファベットが見つかった,古代都市ウガリットでは、約30の記号からなる楔形文字式アルファベットが使われました。音を表す文字体系の歴史で重要な資料です。,UNESCO世界遺産,https://whc.unesco.org/en/tentativelists/1292/
SZ,エスワティニ,Africa,Southern Africa,通貨・お金,自国通貨と南アフリカ通貨を同じ価値で使える,リランゲニと南アフリカ・ランドは1対1の固定比率で、ランドも法定通貨として使えます。,エスワティニ中央銀行,https://www.centralbank.org.sz/currency/
TD,チャド,Africa,Middle Africa,国旗・制度,ルーマニアとほとんど同じ国旗,青、黄、赤を同じ幅で縦に並べた国旗で、ルーマニア国旗と非常によく似ています。主な違いは青色の濃さです。,チャド憲法資料,https://www.crteducazione.org/wp-content/uploads/2026/04/Ciad_Cost.-2018_EN.pdf
TG,トーゴ,Africa,Western Africa,首都・地理,首都のすぐ西がガーナ国境,首都ロメはトーゴ南西端にあり、市街地のすぐ西側がガーナとの国境です。首都から短い移動で別の国へ入ります。,イスラム開発銀行,https://www.isdb.org/togolese-republic
TH,タイ,Asia,South-eastern Asia,暦・時間,公文書では西暦より543大きい仏暦を使う,タイでは仏暦が広く使われ、西暦2024年は仏暦2567年です。西暦へ直すときは通常543を引きます。,タイ外務省,https://image.mfa.go.th/mfa/0/xJ3BrCz2xe/RTE_Ankara_Public_Holiday_2567_2024_%28Nov._2023_vers.%29.pdf
TJ,タジキスタン,Asia,Central Asia,言語・文字,ペルシャ語系の言葉をキリル文字で書く,タジク語はペルシャ語と近い言語ですが、標準表記には修正されたキリル文字を使います。音の系統と文字の見た目が異なります。,Encyclopaedia Iranica,https://www.iranicaonline.org/articles/tajik-ii-tajiki-persian/
TL,東ティモール,Asia,South-eastern Asia,通貨・お金,紙幣は米ドル、硬貨は自国のセンタボ,公式通貨は米ドルですが、硬貨は独自のセンタボを発行し、米国セントと同じ価値で使います。紙幣と硬貨で異なる国のデザインが並びます。,東ティモール中央銀行,https://www.bancocentral.tl/en/go/coins-in-circulation
TM,トルクメニスタン,Asia,Central Asia,国の立場,国連が認めた永世中立国,永世中立の地位は1995年に国連総会決議で認められました。現在も外交上の基本的な立場として中立を掲げています。,国連トルクメニスタン,https://turkmenistan.un.org/en/403-declaration-international-day-neutrality
TN,チュニジア,Africa,Northern Africa,通貨・お金,1ディナールを1000に分ける,1ディナール＝1000ミリームです。円やドルのような100分の1ではなく、500ミリームが0.5ディナールになります。,Western Union,https://www.westernunion.com/blog/en/currency-in-tunisia/
TO,トンガ,Oceania,Polynesia,土地・制度,土地を完全に売り渡すことが禁止されている,土地を他人へ売り切る形で譲渡することは法律で禁止されています。利用させる場合は賃貸借などの仕組みを使います。,トンガ議会,https://parliament.gov.to/en/media-centre/latest-news/tongatapu-noble-representative-no-2-concerns-about-the-illegal-sale-of-land
TR,トルコ,Asia,Western Asia,言語・文字,「I」と「İ」が別の文字,トルコ語では点のない ı・I と、点のある i・İ が別の文字です。大文字・小文字変換も英語とは異なります。,トルコ語アルファベット資料,https://en.wikipedia.org/wiki/Turkish_alphabet
TT,トリニダード・トバゴ,Americas,Caribbean,国土・行政,トバゴ島に独自の議会がある,トバゴ島にはトバゴ議会があり、国の枠組みの中で島内の行政や政策を担当します。執行部門も持ちます。,トバゴ議会,https://www.tha.gov.tt/
TV,ツバル,Oceania,Polynesia,デジタル・国名,国名から生まれた「.tv」が政府収入になる,国別ドメイン .tv はテレビを連想させるため世界中で利用価値があります。その運営契約から得る収入が政府会計にも計上されます。,ツバル財務省,https://finance.gov.tv/wp-content/uploads/2022/05/Whole-of-Government-Financial-Statements-2016.pdf
TW,台湾,Asia,Eastern Asia,暦・制度,1912年が「民国元年」,行政書類や公的な日付では民国紀年が使われることがあります。1912年を民国元年とするため、西暦2026年は民国115年です。,台湾総統府,https://www.president.gov.tw/Page/49
TZ,タンザニア,Africa,Eastern Africa,国の仕組み,国内のザンジバルに別の大統領と議会がある,ザンジバルはタンザニアの一部ですが、自治政府の大統領と独自の代議院を持ちます。独立国ではなく、国内の強い自治制度です。,ザンジバル大統領府,https://www.ikuluzanzibar.go.tz/
UA,ウクライナ,Europe,Eastern Europe,名前・行政,公的な氏名に「父称」が入る,姓と名に加え、父親の名前から作る父称が公的氏名の一部として使われます。行政や金融書類にも「姓・名・父称」の欄があります。,ウクライナ法令データベース,https://zakon.rada.gov.ua/laws/show/2947-14?lang=en
UG,ウガンダ,Africa,Eastern Africa,自然・地理,ヴィクトリア湖からナイル川が流れ出す,ジンジャにはヴィクトリア湖の水が白ナイルとして北へ流れ出す地点があります。ここから南スーダン、スーダン、エジプト方面へ向かいます。,ジンジャ市政府,https://jinja.go.ug/opportunites/nile
US,アメリカ,Americas,Northern America,暦・選挙,大統領選挙日は「第1月曜日の次の火曜日」,大統領選挙は4年ごとに、11月の第1月曜日の次の火曜日に行われます。日付は11月2日から8日の間になります。,USA.gov,https://www.usa.gov/presidential-election-process
UY,ウルグアイ,Americas,South America,選挙・制度,国政選挙の前に全政党が党内選挙を行う,国政選挙へ候補者を出す政党は、その前に制度化された党内選挙を行います。そこで各党の大統領候補などを決めます。,ウルグアイ選挙裁判所,https://www.corteelectoral.gub.uy/institucional/creacion_y_evolucion
UZ,ウズベキスタン,Asia,Central Asia,暮らし・自治,「マハッラ」が地域自治を支える,マハッラと呼ばれる地域共同体が、法律上、住民自治の仕組みとして位置付けられています。生活支援や地域行事などに関わります。,ウズベキスタン法令データベース,https://lex.uz/en/explanation/1636
VC,セントビンセント及びグレナディーン諸島,Americas,Caribbean,国土・地理,一つの国が32の島と小島からなる,中心はセントビンセント島ですが、グレナディーン諸島を含む32の島と小島から国土が構成されています。,セントビンセント・グレナディーン政府,https://veep.gov.vc/veep/index.php/country-profile
VE,ベネズエラ,Americas,South America,選挙・制度,先住民族が選ぶ国会議員枠がある,憲法は、先住民族が伝統や慣習に基づいて選ぶ国会議員を3人置くと定めています。一般の地域別議席とは別の枠です。,ベネズエラ国会・憲法,https://www.asambleanacional.gob.ve/storage/documentos/botones/constitucion-nacional-20191205135853.PDF
VN,ベトナム,Asia,South-eastern Asia,言語・文字,漢字文化圏だが、現在はラテン文字を使う,現在のベトナム語はクオック・グーと呼ばれるラテン文字系表記を使います。アルファベットに記号を組み合わせて母音や声調を表します。,ベトナム政府,https://vietnam.gov.vn/culture-68969
VU,バヌアツ,Oceania,Melanesia,言語・制度,国語はビスラマ語、公用語は三つ,国語はビスラマ語で、公用語はビスラマ語、英語、フランス語です。日常、行政、教育で言語の役割が分かれています。,バヌアツ政府,https://lsd.gov.vu/images/Legislation/policies/the-national-language-policy-of-the-republic-of-vanuatu.pdf
WS,サモア,Oceania,Polynesia,暦・時間,2011年12月30日が存在しなかった,国際日付変更線の位置を変え、2011年12月29日の翌日を12月31日としました。サモア国内では12月30日が丸ごとなくなりました。,サモア司法長官室,https://www.ag.gov.ws/wp-content/uploads/2018/10/volume-4-combined-issue-1-and-2.pdf
YE,イエメン,Asia,Western Asia,自然・地理,ソコトラ島に固有植物が数百種ある,ソコトラ諸島には数百種の固有植物があり、竜血樹など独特の生態系が世界自然遺産に登録されています。,UNESCO世界遺産,https://whc.unesco.org/en/list/1263/
ZA,南アフリカ,Africa,Southern Africa,首都・行政,首都機能が三つの都市に分かれている,行政はプレトリア、国会はケープタウン、司法上の首都はブルームフォンテーンに置かれます。政府機能を一都市へ集めていません。,南アフリカ政府,https://www.gov.za/about-sa/south-africas-provinces
ZM,ザンビア,Africa,Eastern Africa,自然・地理,国内で生まれた川が一度国外へ出て戻る,ザンベジ川はザンビアで始まり、いったんアンゴラへ流れた後、再びザンビア国内へ戻ります。,ザンビア議会,https://www.parliament.gov.zm/node/8917
ZW,ジンバブエ,Africa,Eastern Africa,言語・制度,憲法が16の言語を正式に認めている,英語、ショナ語、ンデベレ語に加え、手話を含む16言語が憲法上正式に認められています。,ジンバブエ憲法,https://www.constituteproject.org/constitution/Zimbabwe_2013
