No,区分,企業名,国・地域,地域,移動先ページ,移動先ID,選定理由,選定スコア
1,海外ご飯製品メーカー,エムシーデリカ・フード・インドネシア / PT MCdelica Food Indonesia,インドネシア,東南アジア,gohan-food-manufacturers-v273-db-title-r27.html,mb-gohan-0138,完成米飯・米飯加工品を確認（おにぎり・寿司・弁当）,101
2,海外ご飯製品メーカー,オットギ / 오뚜기㈜ / OTOKI Corporation,韓国,東アジア,gohan-food-manufacturers-v273-db-title-r27.html,mb-gohan-0121,完成米飯・米飯加工品を確認（おにぎり・寿司・冷凍米飯）,96
3,海外ご飯製品メーカー,ワン・センター・キッチン / One Centre Kitchen,マレーシア,東南アジア,gohan-food-manufacturers-v273-db-title-r27.html,mb-gohan-0154,完成米飯・米飯加工品を確認（おにぎり・寿司・弁当）,92
4,海外ご飯製品メーカー,カワン・フード / Kawan Food Berhad,マレーシア,東南アジア,gohan-food-manufacturers-v273-db-title-r27.html,mb-gohan-0150,完成米飯・米飯加工品を確認（おにぎり・寿司・冷凍米飯）,89
5,海外ご飯製品メーカー,"ハリム / ㈜하림 / Harim Co., Ltd.（Harim Group）",韓国,東アジア,gohan-food-manufacturers-v273-db-title-r27.html,mb-gohan-0130,完成米飯・米飯加工品を確認（おにぎり・寿司・冷凍米飯）,89
6,海外ご飯製品メーカー,アワーホーム / OURHOME,韓国,東アジア,gohan-food-manufacturers-v273-db-title-r27.html,mb-gohan-0120,完成米飯・米飯加工品を確認（おにぎり・寿司・弁当）,88
7,海外ご飯製品メーカー,ノゾリー・フード・インダストリー / Nozoly Food Industry Sdn. Bhd.,マレーシア,東南アジア,gohan-food-manufacturers-v273-db-title-r27.html,mb-gohan-0151,完成米飯・米飯加工品を確認（おにぎり・寿司・冷凍米飯）,86
8,海外ご飯製品メーカー,"ウーファンジャイ / 浙江五芳斋实业股份有限公司 / Zhejiang Wufangzhai Industry Co., Ltd.",中国,東アジア,gohan-food-manufacturers-v273-db-title-r27.html,mb-gohan-0101,完成米飯・米飯加工品を確認（おにぎり・寿司・冷凍米飯）,84
9,海外ご飯製品メーカー,百斯特 / BESTA,中国,東アジア,gohan-food-manufacturers-v273-db-title-r27.html,mb-gohan-0106,完成米飯・米飯加工品を確認（おにぎり・寿司・弁当）,84
10,海外ご飯製品メーカー,金品 / King’s Cook,台湾,東アジア,gohan-food-manufacturers-v273-db-title-r27.html,mb-gohan-0117,完成米飯・米飯加工品を確認（おにぎり・寿司・冷凍米飯）,83
11,海外ご飯製品メーカー,ジョリアント・アールエヌエヌ / Jolliant RNN Corporation,フィリピン,東南アジア,gohan-food-manufacturers-v273-db-title-r27.html,mb-gohan-0146,完成米飯・米飯加工品を確認（おにぎり・寿司・弁当）,81
12,海外ご飯製品メーカー,ピーケー・アグロ・インダストリアル・プロダクツ / PK AGRO-INDUSTRIAL PRODUCTS (M) SDN. BHD.（CP Malaysia）,マレーシア,東南アジア,gohan-food-manufacturers-v273-db-title-r27.html,mb-gohan-0152,完成米飯・米飯加工品を確認（おにぎり・寿司・冷凍米飯）,81
13,海外ご飯製品メーカー,義美食品 / I-MEI Foods,台湾,東アジア,gohan-food-manufacturers-v273-db-title-r27.html,mb-gohan-0115,完成米飯・米飯加工品を確認（おにぎり・寿司・冷凍米飯）,81
14,海外ご飯製品メーカー,"トンウォンF&B / 동원F&B㈜ / Dongwon F&B Co., Ltd.",韓国,東アジア,gohan-food-manufacturers-v273-db-title-r27.html,mb-gohan-0128,完成米飯・米飯加工品を確認（おにぎり・寿司・冷凍米飯）,81
15,海外ご飯製品メーカー,プルン・プンニョン / 농업회사법인 푸른풍년 주식회사 / Pureun Pungnyeon,韓国,東アジア,gohan-food-manufacturers-v273-db-title-r27.html,mb-gohan-0131,完成米飯・米飯加工品を確認（おにぎり・寿司・弁当）,81
16,海外ご飯製品メーカー,"タイ・プラント・ベースド・フード / Thai Plant Based Food Co., Ltd.（COCOCOグループ）",タイ,東南アジア,gohan-food-manufacturers-v273-db-title-r27.html,mb-gohan-0142,完成米飯・米飯加工品を確認（おにぎり・寿司・冷凍米飯）,79
17,海外ご飯製品メーカー,ブラヒムズ / Brahim's・Dewina,マレーシア,東南アジア,gohan-food-manufacturers-v273-db-title-r27.html,mb-gohan-0153,完成米飯・米飯加工品を確認（おにぎり・寿司・冷凍米飯）,78
18,海外ご飯製品メーカー,海通食品集団 / Haitong Food Group,中国,東アジア,gohan-food-manufacturers-v273-db-title-r27.html,mb-gohan-0105,完成米飯・米飯加工品を確認（おにぎり・寿司・冷凍米飯）,78
19,海外ご飯製品メーカー,モーライス / More Rice・QQRice,台湾,東アジア,gohan-food-manufacturers-v273-db-title-r27.html,mb-gohan-0108,完成米飯・米飯加工品を確認（おにぎり・寿司・冷凍米飯）,78
20,海外ご飯製品メーカー,ベタグロ / บริษัท เบทาโกร จำกัด (มหาชน) / Betagro Public Company Limited,タイ,東南アジア,gohan-food-manufacturers-v273-db-title-r27.html,mb-gohan-0144,完成米飯・米飯加工品を確認（おにぎり・寿司・冷凍米飯）,77
21,海外ご飯製品メーカー,利口福 / Likoufu Food,中国,東アジア,gohan-food-manufacturers-v273-db-title-r27.html,mb-gohan-0103,完成米飯・米飯加工品を確認（おにぎり・寿司・冷凍米飯）,75
22,海外ご飯製品メーカー,サジョデリム / 주식회사 사조대림 / SAJO DAERIM Corporation,韓国,東アジア,gohan-food-manufacturers-v273-db-title-r27.html,mb-gohan-0124,完成米飯・米飯加工品を確認（おにぎり・寿司・冷凍米飯）,75
23,海外ご飯製品メーカー,サイゴン・フード / CÔNG TY CỔ PHẦN SÀI GÒN FOOD / SAI GON FOOD JOINT STOCK COMPANY,ベトナム,東南アジア,gohan-food-manufacturers-v273-db-title-r27.html,mb-gohan-0147,完成米飯・米飯加工品を確認（おにぎり・寿司・冷凍米飯）,73
24,海外ご飯製品メーカー,三全食品 / Sanquan Foods,中国,東アジア,gohan-food-manufacturers-v273-db-title-r27.html,mb-gohan-0102,完成米飯・米飯加工品を確認（おにぎり・寿司・冷凍米飯）,72
25,海外ご飯製品メーカー,オールゴット / Allgot,韓国,東アジア,gohan-food-manufacturers-v273-db-title-r27.html,mb-gohan-0122,完成米飯・米飯加工品を確認（おにぎり・寿司・冷凍米飯）,72
26,海外ご飯製品メーカー,"ケー・アンド・ユー・エンタープライズ / K & U Enterprise Co., Ltd.",タイ,東南アジア,gohan-food-manufacturers-v273-db-title-r27.html,mb-gohan-0141,完成米飯・米飯加工品を確認（おにぎり・寿司・冷凍米飯）,71
27,海外ご飯製品メーカー,安心食品服務 / AN-SHIN FOOD SERVICES（製造関連：魔術食品工業 / Magic Food）,台湾,東アジア,gohan-food-manufacturers-v273-db-title-r27.html,mb-gohan-0111,完成米飯・米飯加工品を確認（おにぎり・寿司・冷凍米飯）,71
28,海外ご飯製品メーカー,チョニル食品 / 천일식품㈜ / CHUNIL FOODS CO.,韓国,東アジア,gohan-food-manufacturers-v273-db-title-r27.html,mb-gohan-0127,完成米飯・米飯加工品を確認（寿司・冷凍米飯・炒飯）,71
29,海外ご飯製品メーカー,安井食品 / Anjoy Foods Group,中国,東アジア,gohan-food-manufacturers-v273-db-title-r27.html,mb-gohan-0104,完成米飯・米飯加工品を確認（おにぎり・寿司・冷凍米飯）,70
30,海外ご飯製品メーカー,愛之味 / AGV Products,台湾,東アジア,gohan-food-manufacturers-v273-db-title-r27.html,mb-gohan-0112,完成米飯・米飯加工品を確認（おにぎり・寿司・冷凍米飯）,70
31,海外ご飯製品メーカー,泰山企業 / Taisun Enterprise,台湾,東アジア,gohan-food-manufacturers-v273-db-title-r27.html,mb-gohan-0114,完成米飯・米飯加工品を確認（おにぎり・寿司・冷凍米飯）,70
32,海外ご飯製品メーカー,"老協珍股份有限公司 / LAO XIE ZHEN CO., LTD.",台湾,東アジア,gohan-food-manufacturers-v273-db-title-r27.html,mb-gohan-0116,完成米飯・米飯加工品を確認（おにぎり・寿司・冷凍米飯）,70
33,海外ご飯製品メーカー,大象 / Daesang・Chung Jung One,韓国,東アジア,gohan-food-manufacturers-v273-db-title-r27.html,mb-gohan-0134,完成米飯・米飯加工品を確認（おにぎり・寿司・冷凍米飯）,70
34,海外ご飯製品メーカー,プルムウォン / 풀무원㈜ / Pulmuone Corporation,韓国・米国,東アジア,gohan-food-manufacturers-v273-db-title-r27.html,mb-gohan-0136,完成米飯・米飯加工品を確認（おにぎり・寿司・冷凍米飯）,70
35,海外ご飯製品メーカー,"キョクヨー・グローバル・シーフーズ / KYOKUYO GLOBAL SEAFOODS CO., LTD.",タイ,東南アジア,gohan-food-manufacturers-v273-db-title-r27.html,mb-gohan-0140,完成米飯・米飯加工品を確認（おにぎり・寿司・冷凍米飯）,69
36,海外ご飯製品メーカー,"喜生食品股份有限公司 / Si Sheng Food Industry Co., Ltd.",台湾,東アジア,gohan-food-manufacturers-v273-db-title-r27.html,mb-gohan-0110,完成米飯・米飯加工品を確認（おにぎり・寿司・冷凍米飯）,69
37,海外ご飯製品メーカー,"Kフード・テクノロジー / 주식회사 케이푸드테크날러지 / K-Food Technology Co., Ltd.",韓国,東アジア,gohan-food-manufacturers-v273-db-title-r27.html,mb-gohan-0118,完成米飯・米飯加工品を確認（おにぎり・寿司・冷凍米飯）,69
38,海外ご飯製品メーカー,シージェイ第一製糖 / CJ제일제당㈜ / CJ CheilJedang Corporation（bibigo）,韓国,東アジア,gohan-food-manufacturers-v273-db-title-r27.html,mb-gohan-0125,完成米飯・米飯加工品を確認（おにぎり・寿司・冷凍米飯）,67
39,海外ご飯製品メーカー,ボクマンサ / BokManSa,韓国,東アジア,gohan-food-manufacturers-v273-db-title-r27.html,mb-gohan-0132,完成米飯・米飯加工品を確認（おにぎり・寿司・冷凍米飯）,67
40,海外ご飯製品メーカー,チャントン・フード / Chantong Food,タイ,東南アジア,gohan-food-manufacturers-v273-db-title-r27.html,mb-gohan-0143,完成米飯・米飯加工品を確認（おにぎり・寿司・冷凍米飯）,66
41,海外ご飯製品メーカー,百農社国際 / Hyakunousha International,香港,東アジア,gohan-food-manufacturers-v273-db-title-r27.html,mb-gohan-0137,完成米飯・米飯加工品を確認（おにぎり・寿司・冷凍米飯）,66
42,海外ご飯製品メーカー,チャロン・ポカパン・フーズ / เจริญโภคภัณฑ์อาหาร จำกัด (มหาชน) / Charoen Pokphand Foods Public Company Limited（CP Foods）,タイ・ASEAN,東南アジア,gohan-food-manufacturers-v273-db-title-r27.html,mb-gohan-0145,完成米飯・米飯加工品を確認（おにぎり・寿司・冷凍米飯）,65
43,海外ご飯製品メーカー,"ロッテウェルフード / 롯데웰푸드㈜ / LOTTE WELLFOOD CO., LTD.（Chefood）",韓国,東アジア,gohan-food-manufacturers-v273-db-title-r27.html,mb-gohan-0133,完成米飯・米飯加工品を確認（おにぎり・寿司・冷凍米飯）,65
44,海外ご飯製品メーカー,"ジーイースト / G.East Co., Ltd.",韓国,東アジア,gohan-food-manufacturers-v273-db-title-r27.html,mb-gohan-0126,完成米飯・米飯加工品を確認（おにぎり・調理済み米飯）,64
45,海外ご飯製品メーカー,エルティー・フーズ / LT Foods Limited（Daawat・Royal）,インド,南アジア,gohan-food-manufacturers-v273-db-title-r27.html,mb-gohan-0058,完成米飯・米飯加工品を確認（調理済み米飯・ビリヤニ）,63
46,海外ご飯製品メーカー,ギッツ / Gits Food Products,インド,南アジア,gohan-food-manufacturers-v273-db-title-r27.html,mb-gohan-0054,完成米飯・米飯加工品を確認（調理済み米飯・ビリヤニ）,63
47,海外ご飯製品メーカー,リーガル・キッチン・フーズ / Regal Kitchen Foods・Eat Regal,インド・米国,南アジア,gohan-food-manufacturers-v273-db-title-r27.html,mb-gohan-0061,完成米飯・米飯加工品を確認（調理済み米飯・ビリヤニ・炒飯）,61
48,海外ご飯製品メーカー,テイスティバイト / Tasty Bite,インド,南アジア,gohan-food-manufacturers-v273-db-title-r27.html,mb-gohan-0060,完成米飯・米飯加工品を確認,60
49,海外ご飯製品メーカー,"華旭遠大（青島）国際貿易有限公司 / Huaxu Yuanda (Qingdao) International Trade Co., Ltd.",中国,東アジア,gohan-food-manufacturers-v273-db-title-r27.html,mb-gohan-0107,完成米飯・米飯加工品を確認（おにぎり・寿司）,60
50,海外ご飯製品メーカー,コヒノール・フーズ / Kohinoor Foods,インド,南アジア,gohan-food-manufacturers-v273-db-title-r27.html,mb-gohan-0055,完成米飯・米飯加工品を確認（調理済み米飯）,59
51,海外ご飯製品メーカー,"御田食品 / U-Tian Food Co., Ltd.",台湾,東アジア,gohan-food-manufacturers-v273-db-title-r27.html,mb-gohan-0109,完成米飯・米飯加工品を確認（調理済み米飯）,59
52,海外ご飯製品メーカー,リゾ・ガッロ / Riso Gallo,イタリア,ヨーロッパ,gohan-food-manufacturers-v273-db-title-r27.html,mb-gohan-0015,完成米飯・米飯加工品を確認（おにぎり・寿司・冷凍米飯）,58
53,海外ご飯製品メーカー,ハルディラム / Haldiram's,インド,南アジア,gohan-food-manufacturers-v273-db-title-r27.html,mb-gohan-0056,完成米飯・米飯加工品を確認（調理済み米飯・ビリヤニ）,58
54,海外ご飯製品メーカー,桂冠食品 / Laurel Corporation,台湾,東アジア,gohan-food-manufacturers-v273-db-title-r27.html,mb-gohan-0113,完成米飯・米飯加工品を確認（冷凍米飯・炒飯）,58
55,海外ご飯製品メーカー,リヴィアナ・フーズ / Riviana Foods Inc.（Ebro Foods Group）,米国,北中南米,gohan-food-manufacturers-v273-db-title-r27.html,mb-gohan-0049,完成米飯・米飯加工品を確認（おにぎり・寿司・冷凍米飯）,58
56,海外ご飯製品メーカー,タイコ・フーズ / Taiko Foods,英国,ヨーロッパ,gohan-food-manufacturers-v273-db-title-r27.html,mb-gohan-0030,完成米飯・米飯加工品を確認（おにぎり・寿司・弁当）,58
57,海外ご飯製品メーカー,ティルダ / Tilda,英国・グローバル,ヨーロッパ,gohan-food-manufacturers-v273-db-title-r27.html,mb-gohan-0033,完成米飯・米飯加工品を確認（おにぎり・寿司・冷凍米飯）,58
58,海外ご飯製品メーカー,テイスト・カンパニー / The Taste Company,インド,南アジア,gohan-food-manufacturers-v273-db-title-r27.html,mb-gohan-0035,完成米飯・米飯加工品を確認（ビリヤニ）,57
59,海外ご飯製品メーカー,ハヌムル / Hanwoomul,韓国,東アジア,gohan-food-manufacturers-v273-db-title-r27.html,mb-gohan-0129,完成米飯・米飯加工品を確認（冷凍米飯・炒飯）,56
60,海外ご飯製品メーカー,味の素フーズ・ノースアメリカ / Ajinomoto Foods North America,米国,北中南米,gohan-food-manufacturers-v273-db-title-r27.html,mb-gohan-0050,完成米飯・米飯加工品を確認（おにぎり・寿司・冷凍米飯）,55
61,海外ご飯製品メーカー,MTRフーズ / MTR Foods,インド,南アジア,gohan-food-manufacturers-v273-db-title-r27.html,mb-gohan-0053,完成米飯・米飯加工品を確認（調理済み米飯）,54
62,海外ご飯製品メーカー,エブロ・フーズ / Ebro Foods,スペイン,ヨーロッパ,gohan-food-manufacturers-v273-db-title-r27.html,mb-gohan-0020,完成米飯・米飯加工品を確認（おにぎり・寿司・冷凍米飯）,54
63,海外ご飯製品メーカー,ミューンリー・グローバル・トレード / Muenlee Global Trade,タイ,東南アジア,gohan-food-manufacturers-v273-db-title-r27.html,mb-gohan-0006,完成米飯・米飯加工品を確認（調理済み米飯）,54
64,海外ご飯製品メーカー,イータ・フード・インダストリーズ / EETA FOOD INDUSTRIES SDN. BHD.,マレーシア,東南アジア,gohan-food-manufacturers-v273-db-title-r27.html,mb-gohan-0149,完成米飯・米飯加工品を確認,54
65,海外ご飯製品メーカー,プリヤ・フーズ / Priya Foods,インド,南アジア,gohan-food-manufacturers-v273-db-title-r27.html,mb-gohan-0057,完成米飯・米飯加工品を確認（調理済み米飯）,53
66,海外ご飯製品メーカー,マトコ・フーズ / Matco Foods Limited（Falak）,パキスタン,南アジア,gohan-food-manufacturers-v273-db-title-r27.html,mb-gohan-0062,完成米飯・米飯加工品を確認（調理済み米飯）,53
67,海外ご飯製品メーカー,スキーズ / Sukhi's,米国,北中南米,gohan-food-manufacturers-v273-db-title-r27.html,mb-gohan-0044,完成米飯・米飯加工品を確認（おにぎり・寿司・冷凍米飯）,53
68,海外ご飯製品メーカー,パディフード / Padifood,オランダ,ヨーロッパ,gohan-food-manufacturers-v273-db-title-r27.html,mb-gohan-0018,完成米飯・米飯加工品を確認（おにぎり・寿司・冷凍米飯）,52
69,海外ご飯製品メーカー,マーズ・フード＆ニュートリション / Ben's Original,米国・グローバル,北中南米,gohan-food-manufacturers-v273-db-title-r27.html,mb-gohan-0052,完成米飯・米飯加工品を確認（おにぎり・寿司・冷凍米飯）,52
70,海外ご飯製品メーカー,リゾ・スコッティ / Riso Scotti,イタリア,ヨーロッパ,gohan-food-manufacturers-v273-db-title-r27.html,mb-gohan-0016,完成米飯・米飯加工品を確認（おにぎり・寿司・冷凍米飯）,51
71,海外ご飯製品メーカー,エーディーエフ・フーズ / ADF Foods Limited（Ashoka・Camel・Aeroplane）,インド・米国,南アジア,gohan-food-manufacturers-v273-db-title-r27.html,mb-gohan-0059,完成米飯・米飯加工品を確認（調理済み米飯・ビリヤニ）,50
72,海外ご飯製品メーカー,グリーンコア / Greencore・Bakkavor,英国,ヨーロッパ,gohan-food-manufacturers-v273-db-title-r27.html,mb-gohan-0029,完成米飯・米飯加工品を確認（おにぎり・寿司・冷凍米飯）,50
73,海外ご飯製品メーカー,タンポポ・ジャパニーズ・フード / Tanpopo Japanese Food,英国,ヨーロッパ,gohan-food-manufacturers-v273-db-title-r27.html,mb-gohan-0031,完成米飯・米飯加工品を確認（おにぎり・寿司・弁当）,50
74,海外ご飯製品メーカー,サンライス / Ricegrowers Limited（SunRice Group）,オーストラリア,オセアニア,gohan-food-manufacturers-v273-db-title-r27.html,mb-gohan-0011,完成米飯・米飯加工品を確認（おにぎり・寿司・冷凍米飯）,49
75,海外ご飯製品メーカー,イノハス / Innohas・Sunlit Foods,韓国・米国,東アジア,gohan-food-manufacturers-v273-db-title-r27.html,mb-gohan-0135,完成米飯・米飯加工品を確認（冷凍米飯・炒飯）,48
76,海外ご飯製品メーカー,エイミーズ・キッチン / Amy's Kitchen,米国,北中南米,gohan-food-manufacturers-v273-db-title-r27.html,mb-gohan-0039,完成米飯・米飯加工品を確認（おにぎり・寿司・冷凍米飯）,47
77,海外ご飯製品メーカー,ディープ・フーズ / Deep Foods,米国,北中南米,gohan-food-manufacturers-v273-db-title-r27.html,mb-gohan-0045,完成米飯・米飯加工品を確認（おにぎり・寿司・冷凍米飯）,47
78,海外ご飯製品メーカー,ミナト・スシ・グループ / Minato Sushi Group,香港,東アジア,gohan-food-manufacturers-v273-db-title-r27.html,mb-gohan-0027,完成米飯・米飯加工品を確認（寿司）,47
79,海外ご飯製品メーカー,フロスタ / FRoSTA AG,ドイツ,ヨーロッパ,gohan-food-manufacturers-v273-db-title-r27.html,mb-gohan-0024,完成米飯・米飯加工品を確認（おにぎり・寿司・冷凍米飯）,46
80,海外ご飯製品メーカー,ヴィフォン / VIFON,ベトナム,東南アジア,gohan-food-manufacturers-v273-db-title-r27.html,mb-gohan-0148,完成米飯・米飯加工品を確認,46
81,海外ご飯製品メーカー,オーシャンズ・ヘイロー / Ocean's Halo,米国,北中南米,gohan-food-manufacturers-v273-db-title-r27.html,mb-gohan-0040,完成米飯・米飯加工品を確認（おにぎり・寿司・冷凍米飯）,46
82,海外ご飯製品メーカー,ベントー・スシ / Bento Sushi,カナダ・米国,北中南米,gohan-food-manufacturers-v273-db-title-r27.html,mb-gohan-0037,完成米飯・米飯加工品を確認（おにぎり・寿司・冷凍米飯）,45
83,海外ご飯製品メーカー,ナツ・フーズ / Natsu Foods,ドイツ,ヨーロッパ,gohan-food-manufacturers-v273-db-title-r27.html,mb-gohan-0023,完成米飯・米飯加工品を確認（おにぎり・寿司・冷凍米飯）,45
84,海外ご飯製品メーカー,スシ＆フード・ファクター / Sushi & Food Factor,ポーランド,ヨーロッパ,gohan-food-manufacturers-v273-db-title-r27.html,mb-gohan-0026,完成米飯・米飯加工品を確認（おにぎり・寿司・冷凍米飯）,45
85,海外ご飯製品メーカー,クァンチョン・ダソルキム / DOT Kimbap,韓国,東アジア,gohan-food-manufacturers-v273-db-title-r27.html,mb-gohan-0123,完成米飯・米飯加工品を確認,45
86,海外ご飯製品メーカー,ザ・クラッシー / The Crushi B.V.,オランダ,ヨーロッパ,gohan-food-manufacturers-v273-db-title-r27.html,mb-gohan-0017,完成米飯・米飯加工品を確認（おにぎり・寿司・冷凍米飯）,44
87,海外ご飯製品メーカー,スシ・イズ / Sushi Izu,オーストラリア,オセアニア,gohan-food-manufacturers-v273-db-title-r27.html,mb-gohan-0012,完成米飯・米飯加工品を確認（おにぎり・寿司・冷凍米飯）,44
88,海外ご飯製品メーカー,ザタラインズ / Zatarain's,米国,北中南米,gohan-food-manufacturers-v273-db-title-r27.html,mb-gohan-0043,完成米飯・米飯加工品を確認（おにぎり・寿司・冷凍米飯）,44
89,海外ご飯製品メーカー,ライスラップ・フーズ / RiceWrap Foods,米国,北中南米,gohan-food-manufacturers-v273-db-title-r27.html,mb-gohan-0048,完成米飯・米飯加工品を確認（おにぎり・寿司・冷凍米飯）,44
90,海外ご飯製品メーカー,キッカ・スシ / Kikka Sushi,米国,北中南米,gohan-food-manufacturers-v273-db-title-r27.html,mb-gohan-0042,完成米飯・米飯加工品を確認（おにぎり・寿司・冷凍米飯）,43
91,海外ご飯製品メーカー,プライベート・ラベル・アイルランド / Private Label Ireland,アイルランド,ヨーロッパ,gohan-food-manufacturers-v273-db-title-r27.html,mb-gohan-0009,完成米飯・米飯加工品を確認（おにぎり・寿司・冷凍米飯）,42
92,海外ご飯製品メーカー,スシ・サークル / Sushi Circle Gastronomie,ドイツ,ヨーロッパ,gohan-food-manufacturers-v273-db-title-r27.html,mb-gohan-0022,完成米飯・米飯加工品を確認（おにぎり・寿司・冷凍米飯）,42
93,海外ご飯製品メーカー,AFCスシ / AFC Sushi・Advanced Fresh Concepts,米国,北中南米,gohan-food-manufacturers-v273-db-title-r27.html,mb-gohan-0038,完成米飯・米飯加工品を確認（おにぎり・寿司・冷凍米飯）,42
94,海外ご飯製品メーカー,おにぎり千 / Onigiri Sen LLC,米国,北中南米,gohan-food-manufacturers-v273-db-title-r27.html,mb-gohan-0155,完成米飯・米飯加工品を確認（おにぎり・寿司・冷凍米飯）,42
95,海外ご飯製品メーカー,"味全USA / Wei-Chuan U.S.A., Inc.",米国,北中南米,gohan-food-manufacturers-v273-db-title-r27.html,mb-gohan-0051,完成米飯・米飯加工品を確認（おにぎり・寿司・冷凍米飯）,42
96,海外ご飯製品メーカー,イチバンUK / Ichiban UK,英国,ヨーロッパ,gohan-food-manufacturers-v273-db-title-r27.html,mb-gohan-0028,完成米飯・米飯加工品を確認（おにぎり・寿司・冷凍米飯）,40
97,海外ご飯製品メーカー,ヴィーティー / Veetee Rice,英国,ヨーロッパ,gohan-food-manufacturers-v273-db-title-r27.html,mb-gohan-0032,完成米飯・米飯加工品を確認（おにぎり・寿司・冷凍米飯）,40
98,海外ご飯製品メーカー,ビッグ・マウス・フーズ / Big Mouth Foods・Big Crunch Sushi,オーストラリア,オセアニア,gohan-food-manufacturers-v273-db-title-r27.html,mb-gohan-0013,完成米飯・米飯加工品を確認（寿司・弁当）,35
99,海外ご飯製品メーカー,デインティ・フーズ / Dainty Foods,カナダ,北中南米,gohan-food-manufacturers-v273-db-title-r27.html,mb-gohan-0036,完成米飯・米飯加工品を確認（調理済み米飯）,35
100,海外ご飯製品メーカー,ジーシーエル・フード・イングリディエンツ / GCL Food Ingredients,英国,ヨーロッパ,gohan-food-manufacturers-v273-db-title-r27.html,mb-gohan-0003,完成米飯・米飯加工品を確認（調理済み米飯）,33
101,CVS・小売向け食品ベンダー,"晉欣食品股份有限公司 / Jin Shin Food Co., Ltd.",台湾,東アジア,cvs-vendor-v273-db-title-r27.html,mb-cvs-0078,米飯製品分類「あり」・製造/供給拠点を確認,139
102,CVS・小売向け食品ベンダー,"ジャパン・ベスト・フーズ / Japan Best Foods Co., Ltd.",ベトナム,東南アジア,cvs-vendor-v273-db-title-r27.html,mb-cvs-0137,米飯製品分類「あり」・製造/供給拠点を確認,138
103,CVS・小売向け食品ベンダー,トウイツチョウショクダイ / 統一超食代股份有限公司,台湾,東アジア,cvs-vendor-v273-db-title-r27.html,mb-cvs-0072,米飯製品分類「あり」・製造/供給拠点を確認,135
104,CVS・小売向け食品ベンダー,シーピーラム / CPRAM Company Limited,タイ,東南アジア,cvs-vendor-v273-db-title-r27.html,mb-cvs-0002,米飯製品分類「あり」・製造/供給拠点を確認,134
105,CVS・小売向け食品ベンダー,"ペキン・ワンヤン・フーズ / 北京旺洋食品有限公司 / Beijing Wang-Yang Foods Co., Ltd.",中国,東アジア,cvs-vendor-v273-db-title-r27.html,mb-cvs-0241,米飯製品分類「あり」・製造/供給拠点を確認,133
106,CVS・小売向け食品ベンダー,"屏榮食品股份有限公司 / Ping Rong Food Co., Ltd.",台湾,東アジア,cvs-vendor-v273-db-title-r27.html,mb-cvs-0077,米飯製品分類「あり」・製造/供給拠点を確認,132
107,CVS・小売向け食品ベンダー,"ビージーエフ・フーズ / BGF Foods Co., Ltd.",韓国,東アジア,cvs-vendor-v273-db-title-r27.html,mb-cvs-0060,米飯製品分類「あり」・製造/供給拠点を確認,131
108,CVS・小売向け食品ベンダー,聯華食品工業股份有限公司 / Lian Hwa Foods Corporation,台湾,東アジア,cvs-vendor-v273-db-title-r27.html,mb-cvs-0073,米飯製品分類「あり」・製造/供給拠点を確認,129
109,CVS・小売向け食品ベンダー,キューエル・キッチン / QL Kitchen Sdn Bhd,マレーシア,東南アジア,cvs-vendor-v273-db-title-r27.html,mb-cvs-0015,米飯製品分類「あり」・製造/供給拠点を確認,127
110,CVS・小売向け食品ベンダー,"コウソ・ジャージージャー・フーズ / 江苏佳之家食品有限公司 / Jiangsu Jiazhijia Food Co., Ltd.",中国,東アジア,cvs-vendor-v273-db-title-r27.html,mb-cvs-0064,米飯製品分類「あり」・製造/供給拠点を確認,127
111,CVS・小売向け食品ベンダー,ジュウケイ・タオランジュ・グループ / 重庆陶然居饮食文化集团 / Taoranjü Group,中国,東アジア,cvs-vendor-v273-db-title-r27.html,mb-cvs-0258,米飯製品分類「あり」・製造/供給拠点を確認,127
112,CVS・小売向け食品ベンダー,"上海鑫博海农副产品加工有限公司 / Shanghai Xinbohai Agricultural Products Processing Co., Ltd.",中国,東アジア,cvs-vendor-v273-db-title-r27.html,mb-cvs-0218,米飯製品分類「あり」・製造/供給拠点を確認,127
113,CVS・小売向け食品ベンダー,"浙江百森供应链有限公司 / Zhejiang Baisen Supply Chain Co., Ltd.",中国,東アジア,cvs-vendor-v273-db-title-r27.html,mb-cvs-0216,米飯製品分類「あり」・製造/供給拠点を確認,127
114,CVS・小売向け食品ベンダー,陶然居数字科技5G快餐鲜食工厂 / Taoranju Digital Technology Fresh Food Factory,中国,東アジア,cvs-vendor-v273-db-title-r27.html,mb-cvs-0210,米飯製品分類「あり」・製造/供給拠点を確認,127
115,CVS・小売向け食品ベンダー,"ジーエス・フレッシュサーブ / GS Fresh Serve Co., Ltd.",韓国,東アジア,cvs-vendor-v273-db-title-r27.html,mb-cvs-0061,米飯製品分類「あり」・製造/供給拠点を確認,127
116,CVS・小売向け食品ベンダー,"アモイ・ジェンフー連鎖管理／見福便利店 / 厦门见福连锁管理有限公司 / Xiamen Jianfu Chain Management Co., Ltd.",中国,東アジア,cvs-vendor-v273-db-title-r27.html,mb-cvs-0260,米飯製品分類「あり」・製造/供給拠点を確認,126
117,CVS・小売向け食品ベンダー,シャンナイウェイス・ファクトリー / 香奈维斯工厂 / JEANAVICE Factory,中国,東アジア,cvs-vendor-v273-db-title-r27.html,mb-cvs-0242,米飯製品分類「あり」・製造/供給拠点を確認,125
118,CVS・小売向け食品ベンダー,"シャンハイ・ディンジェン・フーズ / 上海顶甄食品有限公司 / Shanghai Dingzhen Food Co., Ltd.",中国,東アジア,cvs-vendor-v273-db-title-r27.html,mb-cvs-0251,米飯製品分類「あり」・製造/供給拠点を確認,125
119,CVS・小売向け食品ベンダー,"フレッシュサーブ / Fresh Serve Co., Ltd.",韓国,東アジア,cvs-vendor-v273-db-title-r27.html,mb-cvs-0156,米飯製品分類「あり」・製造/供給拠点を確認,125
120,CVS・小売向け食品ベンダー,"高雄空廚股份有限公司 / Kaohsiung Airport Catering Services Co., Ltd.",台湾,東アジア,cvs-vendor-v273-db-title-r27.html,mb-cvs-0074,米飯製品分類「あり」・製造/供給拠点を確認,124
121,CVS・小売向け食品ベンダー,グリーン・マンデー／オムニフーズ / Green Monday Group / OmniFoods,香港,東アジア,cvs-vendor-v273-db-title-r27.html,mb-cvs-0148,米飯製品分類「あり」・製造/供給拠点を確認,123
122,CVS・小売向け食品ベンダー,ハイダン・フード / Hai Dang Food Production JSC,ベトナム,東南アジア,cvs-vendor-v273-db-title-r27.html,mb-cvs-0120,米飯製品分類「あり」・製造/供給拠点を確認,122
123,CVS・小売向け食品ベンダー,アイティーシー・フーズ／キッチンズ・オブ・インディア / ITC Foods / Kitchens of India,インド,南アジア,cvs-vendor-v273-db-title-r27.html,mb-cvs-0272,米飯製品分類「あり」・製造/供給拠点を確認,119
124,CVS・小売向け食品ベンダー,シンセゲ・フード / Shinsegae Food Inc.,韓国,東アジア,cvs-vendor-v273-db-title-r27.html,mb-cvs-0159,米飯製品分類「あり」・製造/供給拠点を確認,113
125,CVS・小売向け食品ベンダー,ユー・フードラブズ / Yu Foodlabs Private Limited / Yu Foods Co.,インド,南アジア,cvs-vendor-v273-db-title-r27.html,mb-cvs-0287,米飯製品分類「ご飯製品あり」・製造/供給拠点を確認,112
126,CVS・小売向け食品ベンダー,"永潤食品股份有限公司 / Golden Harvest Food Co., Ltd.",台湾,東アジア,cvs-vendor-v273-db-title-r27.html,mb-cvs-0076,米飯製品分類「あり」・製造/供給拠点を確認,112
127,CVS・小売向け食品ベンダー,"ヒョンデ・フードシステム / Hyundai Food System Co., Ltd.",韓国,東アジア,cvs-vendor-v273-db-title-r27.html,mb-cvs-0158,米飯製品分類「あり」・製造/供給拠点を確認,112
128,CVS・小売向け食品ベンダー,エヌティーユーシー・フードフェア / NTUC Foodfare Co-operative Ltd. / Foodfare,シンガポール,東南アジア,cvs-vendor-v273-db-title-r27.html,mb-cvs-0191,米飯製品分類「あり」・製造/供給拠点を確認,111
129,CVS・小売向け食品ベンダー,"ワラベヤ・ノースアメリカ／ワラベヤ・ユーエスエー / Warabeya North America, Inc. / Warabeya U.S.A., Inc.",米国,北中南米,cvs-vendor-v273-db-title-r27.html,mb-cvs-0054,米飯製品分類「あり」・製造/供給拠点を確認,111
130,CVS・小売向け食品ベンダー,ジョリアント / Jolliant Corporation / Jolliant Group,フィリピン,東南アジア,cvs-vendor-v273-db-title-r27.html,mb-cvs-0011,米飯製品分類「あり」・製造/供給拠点を確認,110
131,CVS・小売向け食品ベンダー,リンケージ・フーズ / Linkage Foods Venture Corp.,フィリピン,東南アジア,cvs-vendor-v273-db-title-r27.html,mb-cvs-0123,米飯製品分類「あり」・製造/供給拠点を確認,110
132,CVS・小売向け食品ベンダー,プリンセス・ジョリアント／マクロアジア・ジョリアント・フードサービス / Princess Jolliant Corporation / MacroAsia Jolliant Food Services,フィリピン,東南アジア,cvs-vendor-v273-db-title-r27.html,mb-cvs-0012,米飯製品分類「あり」・製造/供給拠点を確認,109
133,CVS・小売向け食品ベンダー,インディーズ・グローバル・フーズ / Indies Global Foods Private Limited,インド,南アジア,cvs-vendor-v273-db-title-r27.html,mb-cvs-0281,米飯製品分類「あり」・製造/供給拠点を確認,108
134,CVS・小売向け食品ベンダー,"オクタ・フーズ / OCTA Foods Co., Ltd.",タイ,東南アジア,cvs-vendor-v273-db-title-r27.html,mb-cvs-0007,米飯製品分類「ご飯製品あり」・製造/供給拠点を確認,108
135,CVS・小売向け食品ベンダー,マイニュース・キネヤ / Mynews Kineya Sdn Bhd,マレーシア,東南アジア,cvs-vendor-v273-db-title-r27.html,mb-cvs-0014,米飯製品分類「あり」・製造/供給拠点を確認,108
136,CVS・小売向け食品ベンダー,レベル・フーズ / Rebel Foods Private Limited,インド,南アジア,cvs-vendor-v273-db-title-r27.html,mb-cvs-0279,米飯製品分類「あり」・製造/供給拠点を確認,107
137,CVS・小売向け食品ベンダー,ビッグ・クランチ・スシ／ビッグ・クランチ・フレッシュフード / Big Crunch Sushi / Big Crunch Fresh Food,オーストラリア,オセアニア,cvs-vendor-v273-db-title-r27.html,mb-cvs-0199,米飯製品分類「あり」・製造/供給拠点を確認,107
138,CVS・小売向け食品ベンダー,アイベリー・グループ／ロスニヨム / iBerry Group / Ros'niyom,タイ,東南アジア,cvs-vendor-v273-db-title-r27.html,mb-cvs-0009,米飯製品分類「ご飯製品あり」・製造/供給拠点を確認,106
139,CVS・小売向け食品ベンダー,エムティーアール・フーズ / MTR Foods Private Limited / Orkla India,インド,南アジア,cvs-vendor-v273-db-title-r27.html,mb-cvs-0271,米飯製品分類「あり」・製造/供給拠点を確認,105
140,CVS・小売向け食品ベンダー,イートクラブ・ブランズ／ボックスエイト / EatClub Brands Private Limited / BOX8,インド,南アジア,cvs-vendor-v273-db-title-r27.html,mb-cvs-0280,米飯製品分類「あり」・製造/供給拠点を確認,104
141,CVS・小売向け食品ベンダー,テイスティ・バイト・イータブルズ / Tasty Bite Eatables Limited,インド,南アジア,cvs-vendor-v273-db-title-r27.html,mb-cvs-0282,米飯製品分類「あり」・製造/供給拠点を確認,104
142,CVS・小売向け食品ベンダー,カフェ・デコラル / Café Decoral Sdn Bhd,マレーシア,東南アジア,cvs-vendor-v273-db-title-r27.html,mb-cvs-0150,米飯製品分類「あり」・製造/供給拠点を確認,104
143,CVS・小売向け食品ベンダー,エヌエスエル・フーズ / NSL Foods Public Company Limited,タイ,東南アジア,cvs-vendor-v273-db-title-r27.html,mb-cvs-0006,米飯製品分類「あり」・製造/供給拠点を確認,102
144,CVS・小売向け食品ベンダー,美心食品有限公司 / 美心集團 / Maxim's Caterers Limited / Maxim's Group,香港,東アジア,cvs-vendor-v273-db-title-r27.html,mb-cvs-0145,米飯製品分類「一部あり」・製造/供給拠点を確認,101
145,CVS・小売向け食品ベンダー,トリヴェニ・フード / Triveni Food Private Limited,インド,南アジア,cvs-vendor-v273-db-title-r27.html,mb-cvs-0284,米飯製品分類「あり」・製造/供給拠点を確認,98
146,CVS・小売向け食品ベンダー,ファジャール・ミトラ・インダー / PT Fajar Mitra Indah,インドネシア,東南アジア,cvs-vendor-v273-db-title-r27.html,mb-cvs-0117,米飯製品分類「一部あり」・製造/供給拠点を確認,98
147,CVS・小売向け食品ベンダー,"サンミゲル・フーズ / San Miguel Foods / San Miguel Food and Beverage, Inc.",フィリピン,東南アジア,cvs-vendor-v273-db-title-r27.html,mb-cvs-0173,米飯製品分類「一部あり」・製造/供給拠点を確認,91
148,CVS・小売向け食品ベンダー,タイ・ユニオン・グループ / Thai Union Group Public Company Limited,タイ,東南アジア,cvs-vendor-v273-db-title-r27.html,mb-cvs-0188,米飯製品分類「一部あり」・製造/供給拠点を確認,90
149,CVS・小売向け食品ベンダー,"フジ・フード・プロダクツ / Fuji Food Products, Inc.",米国,北中南米,cvs-vendor-v273-db-title-r27.html,mb-cvs-0208,米飯製品分類「あり」・製造/供給拠点を確認,90
150,CVS・小売向け食品ベンダー,フードヴィスタ・インディア／フレッシュメニュー / FoodVista India Private Limited / FreshMenu,インド,南アジア,cvs-vendor-v273-db-title-r27.html,mb-cvs-0286,米飯製品分類「一部あり」・製造/供給拠点を確認,89
151,CVS・小売向け食品ベンダー,サッツ／サッツ・フード・ソリューションズ / SATS Ltd. / SATS Food Solutions,シンガポール,東南アジア,cvs-vendor-v273-db-title-r27.html,mb-cvs-0121,米飯製品分類「一部あり」・製造/供給拠点を確認,89
152,CVS・小売向け食品ベンダー,ランチャル・ウィグナ・セジャテラ / PT Lancar Wiguna Sejahtera,インドネシア,東南アジア,cvs-vendor-v273-db-title-r27.html,mb-cvs-0118,米飯製品分類「一部あり」・製造/供給拠点を確認,88
153,CVS・小売向け食品ベンダー,"シーピー・カンボジア / C.P. Cambodia Co., Ltd.",カンボジア,東南アジア,cvs-vendor-v273-db-title-r27.html,mb-cvs-0293,米飯製品分類「一部あり」・製造/供給拠点を確認,88
154,CVS・小売向け食品ベンダー,譚仔國際有限公司 / 譚仔三哥米線 / Tam Jai International Co. Limited / TamJai SamGor Mixian,香港,東アジア,cvs-vendor-v273-db-title-r27.html,mb-cvs-0149,米飯製品分類「一部あり」・製造/供給拠点を確認,88
155,CVS・小売向け食品ベンダー,テイスト・アジア／セレクト・グループ / Taste Asia / Select Group,シンガポール,東南アジア,cvs-vendor-v273-db-title-r27.html,mb-cvs-0125,米飯製品分類「一部あり」・製造/供給拠点を確認,87
156,CVS・小売向け食品ベンダー,スシ・ハブ / Sushi Hub,オーストラリア,オセアニア,cvs-vendor-v273-db-title-r27.html,mb-cvs-0201,米飯製品分類「あり」・製造/供給拠点を確認,86
157,CVS・小売向け食品ベンダー,スラポン・フーズ / Surapon Foods Public Company Limited / SSF,タイ,東南アジア,cvs-vendor-v273-db-title-r27.html,mb-cvs-0186,米飯製品分類「一部あり」・製造/供給拠点を確認,85
158,CVS・小売向け食品ベンダー,サークルカ・インドネシア・ウタマ／サークルKインドネシア / PT Circleka Indonesia Utama / Circle K Indonesia,インドネシア,東南アジア,cvs-vendor-v273-db-title-r27.html,mb-cvs-0179,米飯製品分類「限定的」・製造/供給拠点を確認,82
159,CVS・小売向け食品ベンダー,スシ・スシ / Sushi Sushi,オーストラリア,オセアニア,cvs-vendor-v273-db-title-r27.html,mb-cvs-0196,米飯製品分類「あり」・製造/供給拠点を確認,80
160,CVS・小売向け食品ベンダー,"シーピー・ラオス / C.P. Laos Co., Ltd.",ラオス,東南アジア,cvs-vendor-v273-db-title-r27.html,mb-cvs-0305,米飯製品分類「一部あり」・製造/供給拠点を確認,79
161,CVS・小売向け食品ベンダー,ヒーロー・スシ / Hero Sushi,オーストラリア,オセアニア,cvs-vendor-v273-db-title-r27.html,mb-cvs-0202,米飯製品分類「あり」・製造/供給拠点を確認,78
162,CVS・小売向け食品ベンダー,タリアス・ホスピタリティ／ニャム・エイロウ / Thalias Hospitality Group / Nham Eylov,カンボジア,東南アジア,cvs-vendor-v273-db-title-r27.html,mb-cvs-0295,米飯製品分類「一部あり」・製造/供給拠点を確認,78
163,CVS・小売向け食品ベンダー,シー・アンド・ケー・フード / C&K Food,カンボジア,東南アジア,cvs-vendor-v273-db-title-r27.html,mb-cvs-0296,米飯製品分類「一部あり」・製造/供給拠点を確認,76
164,CVS・小売向け食品ベンダー,ダラ・フーズ / Dara Foods,カンボジア,東南アジア,cvs-vendor-v273-db-title-r27.html,mb-cvs-0297,米飯製品分類「一部あり」・製造/供給拠点を確認,76
165,CVS・小売向け食品ベンダー,デラックス・フード・グループ／キンサバイ101 / Deluxe Food Group / Kinsabai101,ラオス,東南アジア,cvs-vendor-v273-db-title-r27.html,mb-cvs-0306,米飯製品分類「一部あり」・製造/供給拠点を確認,76
166,CVS・小売向け食品ベンダー,ワラベヤ・テキサス／ワラベヤ・ノースアメリカ中西部工場計画 / Warabeya Texas Inc. / Warabeya North America Midwest Plant Project,米国,北中南米,cvs-vendor-v273-db-title-r27.html,mb-cvs-0083,米飯製品分類「一部あり」・製造/供給拠点を確認,76
167,CVS・小売向け食品ベンダー,ワラベヤ・ノースアメリカ・オハイオ工場計画 / Warabeya North America Ohio Plant Project,米国,北中南米,cvs-vendor-v273-db-title-r27.html,mb-cvs-0204,米飯製品分類「一部あり」・製造/供給拠点を確認,76
168,CVS・小売向け食品ベンダー,"ウォン・アンド・ミーズ／WMセントラルキッチン / Wong and Meas Restaurant Co., Ltd. / WM Central Kitchen",カンボジア,東南アジア,cvs-vendor-v273-db-title-r27.html,mb-cvs-0294,米飯製品分類「一部あり」・製造/供給拠点を確認,75
169,CVS・小売向け食品ベンダー,ジョマ・ベーカリー・カフェ・ラオス / Joma Bakery Café Laos / Joma Catering,ラオス,東南アジア,cvs-vendor-v273-db-title-r27.html,mb-cvs-0310,米飯製品分類「一部あり」・製造/供給拠点を確認,74
170,CVS・小売向け食品ベンダー,インドフード・シービーピー・スクセス・マクムール / PT Indofood CBP Sukses Makmur Tbk,インドネシア,東南アジア,cvs-vendor-v273-db-title-r27.html,mb-cvs-0178,米飯製品分類「限定的」・製造/供給拠点を確認,72
171,CVS・小売向け食品ベンダー,ティー・イー・ジア・フード・マニュファクチャリング／スプリングホーム / Tee Yih Jia Food Manufacturing Pte Ltd / Spring Home,シンガポール,東南アジア,cvs-vendor-v273-db-title-r27.html,mb-cvs-0193,米飯製品分類「一部あり」・製造/供給拠点を確認,71
172,CVS・小売向け食品ベンダー,ビーク・アンド・ジョンストン／シティ・キッチン / Beak & Johnston Holdings / City Kitchen,オーストラリア,オセアニア,cvs-vendor-v273-db-title-r27.html,mb-cvs-0200,米飯製品分類「一部あり」・製造/供給拠点を確認,70
173,CVS・小売向け食品ベンダー,エヌアール・インスタント・プロデュース / NR Instant Produce Public Company Limited / NRF,タイ,東南アジア,cvs-vendor-v273-db-title-r27.html,mb-cvs-0005,米飯製品分類「即食食品（ご飯製品は範囲限定）」・製造/供給拠点を確認,66
174,CVS・小売向け食品ベンダー,"ドンウォンホームフード / Dongwon Home Food Co., Ltd.",韓国,東アジア,cvs-vendor-v273-db-title-r27.html,mb-cvs-0166,米飯製品分類「限定的」・製造/供給拠点を確認,66
175,CVS・小売向け食品ベンダー,"イノフレッシュ / InnoFresh Co., Ltd.",タイ,東南アジア,cvs-vendor-v273-db-title-r27.html,mb-cvs-0004,米飯製品分類「一部あり」・製造/供給拠点を確認,64
176,食品機械代理店,元泰食品機械,台湾,東アジア,imported-food-machinery-v273-db-title-r27.html,mb-ifm-0010,米飯・食品工場との接点を確認（関連設備:炊飯・米飯・洗米・寿司 / 取扱:FUJISEIKI・AICOH・ACE SYSTEM）,203
177,食品機械代理店,承力實業有限公司 / C&L,台湾,東アジア,imported-food-machinery-v273-db-title-r27.html,mb-ifm-0006,米飯・食品工場との接点を確認（関連設備:炊飯・米飯・洗米・加熱 / 取扱:AICOH・AUTEC・FUJISAWA）,169
178,食品機械代理店,雄景食品機械有限公司 / Hsiung Ching Food Machinery,台湾,東アジア,imported-food-machinery-v273-db-title-r27.html,mb-ifm-0007,米飯・食品工場との接点を確認（関連設備:炊飯・米飯・洗米・加熱 / 取扱:AICOH・KAMATA・OTSUKA KOGYO）,165
179,食品機械代理店,ジョセフ・リー＆カンパニー / Joseph Lee & Co,オーストラリア,オセアニア,imported-food-machinery-v273-db-title-r27.html,mb-ifm-0099,米飯・食品工場との接点を確認（関連設備:炊飯・米飯・洗米・寿司 / 取扱:DAIEI・HIGO・MARUTO）,155
180,食品機械代理店,ピーアンドピー・グローバル / P&P Global,欧州（英国・ノルウェー・ポーランド）,ヨーロッパ,imported-food-machinery-v273-db-title-r27.html,mb-ifm-0144,米飯・食品工場との接点を確認（関連設備:炊飯・米飯・洗米・寿司 / 取扱:AIHO・FUJIMAK・PANASONIC）,152
181,食品機械代理店,バイオーム / Biome Limited,イギリス,ヨーロッパ,imported-food-machinery-v273-db-title-r27.html,mb-ifm-0106,米飯・食品工場との接点を確認（関連設備:炊飯・米飯・洗米・寿司 / 取扱:FUJIMAK・HOSHIZAKI・NAKANISHI）,148
182,食品機械代理店,キュリマー・イクイップメント / Culimer Equipment,米国,北中南米,imported-food-machinery-v273-db-title-r27.html,mb-ifm-0163,米飯・食品工場との接点を確認（関連設備:炊飯・米飯・洗米・寿司 / 取扱:SUZUMO）,124
183,食品機械代理店,ワールド・パック・システム / World Pack System,タイ,東南アジア,imported-food-machinery-v273-db-title-r27.html,mb-ifm-0038,米飯・食品工場との接点を確認（関連設備:炊飯・米飯・洗米・寿司 / 取扱:SUZUMO）,121
184,食品機械代理店,キョウワ・ベトナム / Kyouwa Vietnam,ベトナム,東南アジア,imported-food-machinery-v273-db-title-r27.html,mb-ifm-0018,米飯・食品工場との接点を確認（関連設備:包装・計量 / 取扱:AICOH・FUJI MACHINERY・MASDAC）,112
185,食品機械代理店,デュシャトー / Du Chateau Food Machinery,オランダ,ヨーロッパ,imported-food-machinery-v273-db-title-r27.html,mb-ifm-0114,米飯・食品工場との接点を確認（関連設備:炊飯・米飯・洗米・寿司）,111
186,食品機械代理店,ヤナックス / Janax,デンマーク,ヨーロッパ,imported-food-machinery-v273-db-title-r27.html,mb-ifm-0123,米飯・食品工場との接点を確認（関連設備:炊飯・米飯・洗米・寿司 / 取扱:SUZUMO）,109
187,食品機械代理店,ジェーシー・ユニテック / J.C. uni-tec,米国,北中南米,imported-food-machinery-v273-db-title-r27.html,mb-ifm-0146,米飯・食品工場との接点を確認（関連設備:炊飯・洗米・寿司 / 取扱:AIHO・OSHIKIRI・TAIJI）,101
188,食品機械代理店,トット・ベトナム・ソリューションズ・コンサルタンシー / TOT Vietnam Solutions Consultancy,ベトナム,東南アジア,imported-food-machinery-v273-db-title-r27.html,mb-ifm-0020,米飯・食品工場との接点を確認（関連設備:洗米・寿司・おにぎり・包装 / 取扱:NANTSUNE）,99
189,食品機械代理店,ケービーピー・マルチプロセス / KBP Multiprocess Machinery,マレーシア,東南アジア,imported-food-machinery-v273-db-title-r27.html,mb-ifm-0041,米飯・食品工場との接点を確認（関連設備:包装・冷凍 / 取扱:FUJISAWA・MASDAC・NANTSUNE）,95
190,食品機械代理店,スマート・スシ・シェフ / Smart Sushi Chef,チェコ,ヨーロッパ,imported-food-machinery-v273-db-title-r27.html,mb-ifm-0128,米飯・食品工場との接点を確認（関連設備:米飯・洗米・寿司 / 取扱:SUZUMO）,93
191,食品機械代理店,フード・マシーナリー・カンパニー / The Food Machinery Company,イギリス,ヨーロッパ,imported-food-machinery-v273-db-title-r27.html,mb-ifm-0103,米飯・食品工場との接点を確認（関連設備:炊飯・米飯・包装・計量）,92
192,食品機械代理店,サイコパック・ベトナム / SAIKOPACK Vietnam,ベトナム,東南アジア,imported-food-machinery-v273-db-title-r27.html,mb-ifm-0026,米飯・食品工場との接点を確認（関連設備:加熱・包装・計量 / 取扱:ANZAI・FUJIMAK・FUJISEIKI）,92
193,食品機械代理店,フジセイキ・フード・マシナリーUSA / 不二精機 Food Machinery USA,米国,北中南米,imported-food-machinery-v273-db-title-r27.html,mb-ifm-0151,米飯・食品工場との接点を確認（関連設備:米飯・寿司・おにぎり / 取扱:FUJISEIKI）,80
194,食品機械代理店,ピュアレンジ・エンタープライゼズ / PureRange Enterprises,カナダ,北中南米,imported-food-machinery-v273-db-title-r27.html,mb-ifm-0165,米飯・食品工場との接点を確認（関連設備:米飯・寿司 / 取扱:KOSEI・SUZUMO・TAIJI）,79
195,食品機械代理店,ハイテック・フード・イクイップメント / HITEC Food Equipment,タイ,東南アジア,imported-food-machinery-v273-db-title-r27.html,mb-ifm-0029,米飯・食品工場との接点を確認（関連設備:加熱・包装・冷凍 / 取扱:KAJIWARA・SUN PLANT INDUSTRY・HIGASHIMOTO KIKAI）,79
196,食品機械代理店,キョーワ / KYOWA (M) SDN BHD,マレーシア,東南アジア,imported-food-machinery-v273-db-title-r27.html,mb-ifm-0046,米飯・食品工場との接点を確認（関連設備:炊飯 / 取扱:AIHO）,78
197,食品機械代理店,ホシザキ・フィリピン / ホシザキ Philippines,フィリピン,東南アジア,imported-food-machinery-v273-db-title-r27.html,mb-ifm-0074,米飯・食品工場との接点を確認（関連設備:寿司・冷凍 / 取扱:HOSHIZAKI）,71
198,食品機械代理店,アジア・インテグレーテッド・マシン / Asia Integrated Machine,フィリピン,東南アジア,imported-food-machinery-v273-db-title-r27.html,mb-ifm-0078,米飯・食品工場との接点を確認（関連設備:包装・計量 / 取扱:ISHIDA・PACRAFT）,70
199,食品機械代理店,インフィニット・ブランズ・トレーディング / Infinite Brands Trading,フィリピン,東南アジア,imported-food-machinery-v273-db-title-r27.html,mb-ifm-0079,米飯・食品工場との接点を確認（関連設備:米飯・寿司 / 取扱:SUZUMO）,67
200,食品機械代理店,ホシザキ・タイランド / ホシザキ Thailand,タイ,東南アジア,imported-food-machinery-v273-db-title-r27.html,mb-ifm-0033,米飯・食品工場との接点を確認（関連設備:寿司 / 取扱:HOSHIZAKI）,65
